sous_classe,sous_classeLabel
http://www.wikidata.org/entity/Q104093051,Q104093051
http://www.wikidata.org/entity/Q113590231,Q113590231
http://www.wikidata.org/entity/Q114398813,Q114398813
http://www.wikidata.org/entity/Q114418978,Q114418978
http://www.wikidata.org/entity/Q11612880,Q11612880
http://www.wikidata.org/entity/Q124830196,Q124830196
http://www.wikidata.org/entity/Q124830203,Q124830203
http://www.wikidata.org/entity/Q132229545,Q132229545
http://www.wikidata.org/entity/Q133279031,Q133279031
http://www.wikidata.org/entity/Q133503726,Q133503726
http://www.wikidata.org/entity/Q134539344,Q134539344
http://www.wikidata.org/entity/Q136484872,Q136484872
http://www.wikidata.org/entity/Q139286253,Q139286253
http://www.wikidata.org/entity/Q139847199,Q139847199
http://www.wikidata.org/entity/Q140393679,Q140393679
http://www.wikidata.org/entity/Q140881133,Q140881133
http://www.wikidata.org/entity/Q141455310,Q141455310
http://www.wikidata.org/entity/Q141455479,Q141455479
http://www.wikidata.org/entity/Q1438075,Q1438075
http://www.wikidata.org/entity/Q1634637,Q1634637
http://www.wikidata.org/entity/Q58482422,Q58482422
http://www.wikidata.org/entity/Q97662751,Q97662751
http://www.wikidata.org/entity/Q123234677,Ainu museum
http://www.wikidata.org/entity/Q17153811,Amsterdam museum buses
http://www.wikidata.org/entity/Q61461367,Audubon center
http://www.wikidata.org/entity/Q856090,Bible museum
http://www.wikidata.org/entity/Q131850130,Branch
http://www.wikidata.org/entity/Q115684298,Charlotte Museum Te Whare Takatāpui-Wāhine o Aotearoa
http://www.wikidata.org/entity/Q123294382,Christmas museum
http://www.wikidata.org/entity/Q123180891,Church museum
http://www.wikidata.org/entity/Q112231820,Dali museums
http://www.wikidata.org/entity/Q2355780,Fotomuseum Hilversum
http://www.wikidata.org/entity/Q11665453,Fudoki no oka
http://www.wikidata.org/entity/Q136400108,Fullerton Train Museum
http://www.wikidata.org/entity/Q1934476,Gallo-Roman museum
http://www.wikidata.org/entity/Q1590906,Haus des Waldes
http://www.wikidata.org/entity/Q109130947,Hispanic and Latino American museums
http://www.wikidata.org/entity/Q17052206,Japanese museum
http://www.wikidata.org/entity/Q127275538,Lavatoio di Sornico
http://www.wikidata.org/entity/Q140521487,Lower Silesian Regional Railways
http://www.wikidata.org/entity/Q6704640,Luoyang Museum of Ancient Tombs
http://www.wikidata.org/entity/Q10575168,Madrids museer
http://www.wikidata.org/entity/Q109324954,Mexican American museums
http://www.wikidata.org/entity/Q120147155,Museo Q
http://www.wikidata.org/entity/Q126894802,Museum for Applied Arts (institution)
http://www.wikidata.org/entity/Q121302278,Naturum
http://www.wikidata.org/entity/Q134722184,Parish Museum Collection of Sant Mateu
http://www.wikidata.org/entity/Q121914203,Pöstlingbergbahn Museum
http://www.wikidata.org/entity/Q3926588,Quadreria
http://www.wikidata.org/entity/Q125822641,Sami museum
http://www.wikidata.org/entity/Q7433679,Science fiction libraries and museums
http://www.wikidata.org/entity/Q131850128,Site
http://www.wikidata.org/entity/Q60607006,Skansen city quarters
http://www.wikidata.org/entity/Q136486256,Sun Yat-sen memorial museum
http://www.wikidata.org/entity/Q2106028,Tourist information point
http://www.wikidata.org/entity/Q94701721,Tuscan museum of regional importance
http://www.wikidata.org/entity/Q110907415,Vliegend Museum Seppe
http://www.wikidata.org/entity/Q136759901,West Yakut Scientific Center
http://www.wikidata.org/entity/Q28555351,adventure mine
http://www.wikidata.org/entity/Q110594714,alcoholic drinks museum
http://www.wikidata.org/entity/Q131006985,anti-religious museum
http://www.wikidata.org/entity/Q54986168,archipelago museum
http://www.wikidata.org/entity/Q4801148,artillery museum
http://www.wikidata.org/entity/Q128803101,automotive museum
http://www.wikidata.org/entity/Q52987303,bank museum
http://www.wikidata.org/entity/Q26944983,bell museum
http://www.wikidata.org/entity/Q132734330,biological museum
http://www.wikidata.org/entity/Q118160864,bunker museum
http://www.wikidata.org/entity/Q11425913,buried cultural property center
http://www.wikidata.org/entity/Q109356490,cannabis museum
http://www.wikidata.org/entity/Q27827383,carriage museum
http://www.wikidata.org/entity/Q123125353,cartography museum
http://www.wikidata.org/entity/Q29380643,cast collection
http://www.wikidata.org/entity/Q85751130,cemetery museum
http://www.wikidata.org/entity/Q87057799,cemetery of Lierna
http://www.wikidata.org/entity/Q80096168,circus museum
http://www.wikidata.org/entity/Q26945139,commercial museum
http://www.wikidata.org/entity/Q5183474,creationist museum
http://www.wikidata.org/entity/Q139713778,cultural property center
http://www.wikidata.org/entity/Q28753949,data museum
http://www.wikidata.org/entity/Q123584934,dental museum
http://www.wikidata.org/entity/Q140235820,department-store art museum
http://www.wikidata.org/entity/Q854275,district museum
http://www.wikidata.org/entity/Q26944985,economy museum
http://www.wikidata.org/entity/Q56412838,ecotourism visitor center
http://www.wikidata.org/entity/Q110130526,encyclopedic museum
http://www.wikidata.org/entity/Q5404309,ethnic theme park
http://www.wikidata.org/entity/Q17563638,ethnic village
http://www.wikidata.org/entity/Q106678683,exhibition mine
http://www.wikidata.org/entity/Q20827313,experience museum
http://www.wikidata.org/entity/Q67638959,fishery museum
http://www.wikidata.org/entity/Q108861021,folk art museum
http://www.wikidata.org/entity/Q110594741,food and drink museum
http://www.wikidata.org/entity/Q106775899,forest experience center
http://www.wikidata.org/entity/Q90808178,furniture museum
http://www.wikidata.org/entity/Q26945175,geographical museum
http://www.wikidata.org/entity/Q15809682,glacial erratics garden or park
http://www.wikidata.org/entity/Q5603559,green museum
http://www.wikidata.org/entity/Q5639512,hair museum
http://www.wikidata.org/entity/Q5642704,hall of memory
http://www.wikidata.org/entity/Q111079628,heritage farm
http://www.wikidata.org/entity/Q46825148,historical and ethnographic museum
http://www.wikidata.org/entity/Q67639546,historical society museum
http://www.wikidata.org/entity/Q114650550,hospital museum
http://www.wikidata.org/entity/Q52987298,hotel and restaurant museum
http://www.wikidata.org/entity/Q65117353,human rights museum
http://www.wikidata.org/entity/Q137714990,ice hockey museum
http://www.wikidata.org/entity/Q26945151,international museum
http://www.wikidata.org/entity/Q12357399,jazz museum
http://www.wikidata.org/entity/Q20811758,lighthouse museum
http://www.wikidata.org/entity/Q115154345,local authority museum
http://www.wikidata.org/entity/Q10520688,local heritage institution in Sweden
http://www.wikidata.org/entity/Q52987295,manor museum
http://www.wikidata.org/entity/Q110582532,mathematics museum
http://www.wikidata.org/entity/Q131745961,media museum
http://www.wikidata.org/entity/Q58483009,meteorological museum
http://www.wikidata.org/entity/Q2066674,mill museum
http://www.wikidata.org/entity/Q25476410,mosaics museum
http://www.wikidata.org/entity/Q1954802,museum bus
http://www.wikidata.org/entity/Q60491487,museum concept
http://www.wikidata.org/entity/Q1014837,museum of fortifications
http://www.wikidata.org/entity/Q97193061,museum with regional responsibility
http://www.wikidata.org/entity/Q64030895,museumed church
http://www.wikidata.org/entity/Q3844310,national gallery
http://www.wikidata.org/entity/Q11990908,national park centre
http://www.wikidata.org/entity/Q17151507,neighbourhood museum
http://www.wikidata.org/entity/Q52987307,newspaper museum
http://www.wikidata.org/entity/Q52987309,numismatic museum
http://www.wikidata.org/entity/Q52987300,nursery museum
http://www.wikidata.org/entity/Q26959029,pathological museum
http://www.wikidata.org/entity/Q26959023,pharmaceutical museum
http://www.wikidata.org/entity/Q114023739,photographic art gallery
http://www.wikidata.org/entity/Q1465881,pioneer museum
http://www.wikidata.org/entity/Q110534846,printing museum
http://www.wikidata.org/entity/Q107537774,private art museum
http://www.wikidata.org/entity/Q131560554,puppetry museum
http://www.wikidata.org/entity/Q11649671,railway park
http://www.wikidata.org/entity/Q7355157,rocket garden
http://www.wikidata.org/entity/Q26958695,safety museum
http://www.wikidata.org/entity/Q17991606,salt museum
http://www.wikidata.org/entity/Q2244602,schloss country house museum
http://www.wikidata.org/entity/Q104127212,selfie museum
http://www.wikidata.org/entity/Q107524840,single-artist museum
http://www.wikidata.org/entity/Q140224580,stained glass museum
http://www.wikidata.org/entity/Q7694122,teddy bear museum
http://www.wikidata.org/entity/Q52987314,telecommunications museum
http://www.wikidata.org/entity/Q11197854,torture museum
http://www.wikidata.org/entity/Q11898323,tractor museum
http://www.wikidata.org/entity/Q107313856,typhlological museum
http://www.wikidata.org/entity/Q111889841,university art museum
http://www.wikidata.org/entity/Q1449266,virtual herbarium
http://www.wikidata.org/entity/Q11549301,waterworks museum
http://www.wikidata.org/entity/Q26945002,women's museum
http://www.wikidata.org/entity/Q10416961,working life museum
http://www.wikidata.org/entity/Q10501308,writers' museum
http://www.wikidata.org/entity/Q26944966,youth museum
http://www.wikidata.org/entity/Q138605497,Erkend Museum
http://www.wikidata.org/entity/Q123374605,Grotte des Punisseurs
http://www.wikidata.org/entity/Q121076356,Istituto museale ad autonomia speciale
http://www.wikidata.org/entity/Q1163087,Le réseau des bâtiments ruraux en Hongrie
http://www.wikidata.org/entity/Q738131,Locomotion n° 1
http://www.wikidata.org/entity/Q1251808,Monorail système Lartigue
http://www.wikidata.org/entity/Q107652331,"Musée de la RAF, Police, République tchèque"
http://www.wikidata.org/entity/Q10413035,Musée de la responsabilité
http://www.wikidata.org/entity/Q130582790,Musée de société
http://www.wikidata.org/entity/Q28495673,Musées répartis sur plusieurs sites
http://www.wikidata.org/entity/Q3445465,Routes et ponts historiques de Finlande
http://www.wikidata.org/entity/Q3618768,antiquarium
http://www.wikidata.org/entity/Q726929,archives cinématographiques
http://www.wikidata.org/entity/Q112132522,bâtiment civil historique muséal
http://www.wikidata.org/entity/Q1146002,cabinet de curiosités
http://www.wikidata.org/entity/Q18411786,centre d'accueil des visiteurs
http://www.wikidata.org/entity/Q78458396,centre d'accueil des visiteurs du National Park Service
http://www.wikidata.org/entity/Q1549731,centre d'interprétation
http://www.wikidata.org/entity/Q48759814,centre d'interprétation de l'architecture et du patrimoine
http://www.wikidata.org/entity/Q2945276,"centre de culture scientifique, technique et industrielle"
http://www.wikidata.org/entity/Q5739135,centre patrimonial
http://www.wikidata.org/entity/Q16761700,centre pour la nature
http://www.wikidata.org/entity/Q3499307,centre scientifique
http://www.wikidata.org/entity/Q420962,chemin de fer touristique
http://www.wikidata.org/entity/Q1352795,cinémathèque
http://www.wikidata.org/entity/Q5277223,dime museum
http://www.wikidata.org/entity/Q1475403,galerie d'art
http://www.wikidata.org/entity/Q7094057,galerie d'art en ligne
http://www.wikidata.org/entity/Q3768550,galerie de moulage en plâtre
http://www.wikidata.org/entity/Q28837381,gare-musée
http://www.wikidata.org/entity/Q957433,glyptothèque
http://www.wikidata.org/entity/Q1759852,jardin de sculptures
http://www.wikidata.org/entity/Q29968296,maison d'artiste
http://www.wikidata.org/entity/Q24906026,maison d'écrivain
http://www.wikidata.org/entity/Q136421027,maison de la BD
http://www.wikidata.org/entity/Q27908105,maison de la littérature
http://www.wikidata.org/entity/Q2087181,maison-musée
http://www.wikidata.org/entity/Q5755620,maison-musée
http://www.wikidata.org/entity/Q11982370,maison-musée d'un artiste
http://www.wikidata.org/entity/Q1506469,mine musée
http://www.wikidata.org/entity/Q131538088,minka-en
http://www.wikidata.org/entity/Q54934129,musée afro-américain
http://www.wikidata.org/entity/Q19890860,musée agricole
http://www.wikidata.org/entity/Q111128526,musée albanais de la dictature communiste
http://www.wikidata.org/entity/Q3329412,musée archéologique
http://www.wikidata.org/entity/Q136760282,musée archéologique en France
http://www.wikidata.org/entity/Q636819,musée archéologique en plein-air
http://www.wikidata.org/entity/Q4828724,musée aéronautique
http://www.wikidata.org/entity/Q10624527,musée biographique
http://www.wikidata.org/entity/Q26959050,musée botanique
http://www.wikidata.org/entity/Q120754208,musée chrétien
http://www.wikidata.org/entity/Q28134320,musée communautaire
http://www.wikidata.org/entity/Q105725005,musée commémoratif
http://www.wikidata.org/entity/Q17438516,musée consacré aux instruments de musique
http://www.wikidata.org/entity/Q3867745,musée consacré à une entreprise
http://www.wikidata.org/entity/Q26958703,musée d'anatomie
http://www.wikidata.org/entity/Q5473425,musée d'anthropologie
http://www.wikidata.org/entity/Q26945165,musée d'architecture
http://www.wikidata.org/entity/Q207694,musée d'art
http://www.wikidata.org/entity/Q3196771,musée d'art
http://www.wikidata.org/entity/Q61891263,musée d'art asiatique
http://www.wikidata.org/entity/Q108860927,musée d'art contemporain
http://www.wikidata.org/entity/Q97662266,musée d'art moderne
http://www.wikidata.org/entity/Q3868199,musée d'art sacré
http://www.wikidata.org/entity/Q62098611,musée d'arts décoratifs
http://www.wikidata.org/entity/Q25047682,musée d'arts et de traditions populaires
http://www.wikidata.org/entity/Q26958712,musée d'astronomie
http://www.wikidata.org/entity/Q17105874,musée d'histoire culturelle
http://www.wikidata.org/entity/Q3329663,musée d'histoire de la médecine
http://www.wikidata.org/entity/Q110582464,musée d'histoire des sciences
http://www.wikidata.org/entity/Q1595639,musée d'histoire locale
http://www.wikidata.org/entity/Q1970365,musée d'histoire naturelle
http://www.wikidata.org/entity/Q124830213,musée d'un organisme public
http://www.wikidata.org/entity/Q11341528,musée de bande dessinée
http://www.wikidata.org/entity/Q110594734,musée de boisson
http://www.wikidata.org/entity/Q132718497,musée de calligraphie
http://www.wikidata.org/entity/Q134546165,musée de chars de parade de matsuri
http://www.wikidata.org/entity/Q667018,musée de cire
http://www.wikidata.org/entity/Q28737012,musée de culture
http://www.wikidata.org/entity/Q126194536,musée de l'apiculture
http://www.wikidata.org/entity/Q1575307,musée de l'artisanat
http://www.wikidata.org/entity/Q26959070,musée de l'astronautique
http://www.wikidata.org/entity/Q787934,musée de l'automobile
http://www.wikidata.org/entity/Q119351997,musée de l'horlogerie
http://www.wikidata.org/entity/Q1662089,musée de l'industrie
http://www.wikidata.org/entity/Q1093436,musée de l'informatique
http://www.wikidata.org/entity/Q1538669,musée de l'éducation
http://www.wikidata.org/entity/Q64581368,musée de l'énergie
http://www.wikidata.org/entity/Q50114313,musée de l'érotisme
http://www.wikidata.org/entity/Q1191610,musée de l'érotisme
http://www.wikidata.org/entity/Q4306024,musée de la Shoah
http://www.wikidata.org/entity/Q133305501,musée de la bicyclette
http://www.wikidata.org/entity/Q122308218,musée de la bière
http://www.wikidata.org/entity/Q25964553,musée de la céramique
http://www.wikidata.org/entity/Q26945172,musée de la danse
http://www.wikidata.org/entity/Q26944989,musée de la foresterie
http://www.wikidata.org/entity/Q26958661,musée de la marine
http://www.wikidata.org/entity/Q819426,musée de la mine
http://www.wikidata.org/entity/Q17455058,musée de la musique
http://www.wikidata.org/entity/Q7157526,musée de la paix
http://www.wikidata.org/entity/Q7209480,musée de la police
http://www.wikidata.org/entity/Q1850552,musée de la poupée
http://www.wikidata.org/entity/Q110498831,musée de la publicité
http://www.wikidata.org/entity/Q2176201,musée de la radio
http://www.wikidata.org/entity/Q85893376,musée de la tapisserie
http://www.wikidata.org/entity/Q6034610,musée de la tauromachie
http://www.wikidata.org/entity/Q2358158,musée de la vie populaire
http://www.wikidata.org/entity/Q3330083,musée de la vigne et du vin
http://www.wikidata.org/entity/Q12347386,musée de l’espéranto
http://www.wikidata.org/entity/Q4294133,musée de minéralogie
http://www.wikidata.org/entity/Q26944969,musée de photographie
http://www.wikidata.org/entity/Q123124989,musée de saké
http://www.wikidata.org/entity/Q126195053,musée de sculptures
http://www.wikidata.org/entity/Q66310866,musée de village
http://www.wikidata.org/entity/Q26959059,musée de zoologie
http://www.wikidata.org/entity/Q11606865,musée des albums illustrés
http://www.wikidata.org/entity/Q218735,musée des douanes
http://www.wikidata.org/entity/Q842478,musée des enfants
http://www.wikidata.org/entity/Q10333872,musée des langues
http://www.wikidata.org/entity/Q125566279,musée des miniatures
http://www.wikidata.org/entity/Q125523028,musée des soldats de plomb et des miniatures historiques
http://www.wikidata.org/entity/Q2398990,musée des technologies
http://www.wikidata.org/entity/Q1614140,musée des tramways
http://www.wikidata.org/entity/Q2516357,musée des transports
http://www.wikidata.org/entity/Q106686551,musée des échecs
http://www.wikidata.org/entity/Q122973294,musée des égouts
http://www.wikidata.org/entity/Q94701740,musée didactique
http://www.wikidata.org/entity/Q1231888,musée diocésain
http://www.wikidata.org/entity/Q123124127,musée disparu
http://www.wikidata.org/entity/Q18233199,musée du Land
http://www.wikidata.org/entity/Q115208277,musée du café
http://www.wikidata.org/entity/Q14928320,musée du chocolat
http://www.wikidata.org/entity/Q16665656,musée du compagnonnage
http://www.wikidata.org/entity/Q131746848,musée du conte
http://www.wikidata.org/entity/Q1200701,musée du design
http://www.wikidata.org/entity/Q1415133,musée du film
http://www.wikidata.org/entity/Q137730859,musée du football
http://www.wikidata.org/entity/Q2310465,musée du jouet
http://www.wikidata.org/entity/Q131745996,musée du livre
http://www.wikidata.org/entity/Q111805064,musée du maintien de l'ordre
http://www.wikidata.org/entity/Q124830411,musée du ministère italien de la Culture
http://www.wikidata.org/entity/Q26944999,musée du papier
http://www.wikidata.org/entity/Q17000324,musée du sport
http://www.wikidata.org/entity/Q25183395,musée du textile
http://www.wikidata.org/entity/Q123537029,musée du thé
http://www.wikidata.org/entity/Q17000320,musée du théâtre
http://www.wikidata.org/entity/Q16143815,musée du tsunami
http://www.wikidata.org/entity/Q11786880,musée dédié aux pompiers
http://www.wikidata.org/entity/Q5436782,musée dédié à la mode
http://www.wikidata.org/entity/Q756102,musée en plein air
http://www.wikidata.org/entity/Q63161001,musée entomologique
http://www.wikidata.org/entity/Q12104174,musée ethnographique
http://www.wikidata.org/entity/Q2650083,musée fermier
http://www.wikidata.org/entity/Q18704634,musée ferroviaire
http://www.wikidata.org/entity/Q5465500,musée gastronomique
http://www.wikidata.org/entity/Q26958726,musée géologique
http://www.wikidata.org/entity/Q16735822,musée historique
http://www.wikidata.org/entity/Q31087820,musée hospitalier
http://www.wikidata.org/entity/Q139795857,musée in situ
http://www.wikidata.org/entity/Q115154402,musée indépendant
http://www.wikidata.org/entity/Q120753951,musée islamique
http://www.wikidata.org/entity/Q1307560,musée juif
http://www.wikidata.org/entity/Q539615,musée lapidaire
http://www.wikidata.org/entity/Q1865249,musée littéraire
http://www.wikidata.org/entity/Q60731643,musée local
http://www.wikidata.org/entity/Q1863818,musée maritime
http://www.wikidata.org/entity/Q135641693,musée maçonnique
http://www.wikidata.org/entity/Q2772772,musée militaire
http://www.wikidata.org/entity/Q6034565,musée mobile
http://www.wikidata.org/entity/Q2327632,musée municipal
http://www.wikidata.org/entity/Q17431399,musée national
http://www.wikidata.org/entity/Q28496624,musée national
http://www.wikidata.org/entity/Q3867560,musée national italien
http://www.wikidata.org/entity/Q65611482,musée paléontologique
http://www.wikidata.org/entity/Q21550879,musée philatélique
http://www.wikidata.org/entity/Q2106220,musée postal
http://www.wikidata.org/entity/Q614316,musée privé
http://www.wikidata.org/entity/Q4409567,musée préfectoral
http://www.wikidata.org/entity/Q111986502,musée public
http://www.wikidata.org/entity/Q61710650,musée queer
http://www.wikidata.org/entity/Q92755865,musée religieux
http://www.wikidata.org/entity/Q7308408,musée régimentaire
http://www.wikidata.org/entity/Q11895075,musée régional
http://www.wikidata.org/entity/Q26944924,musée régional
http://www.wikidata.org/entity/Q10571947,musée régional
http://www.wikidata.org/entity/Q588140,musée scientifique
http://www.wikidata.org/entity/Q26944928,musée scolaire
http://www.wikidata.org/entity/Q58632302,musée spécialisé
http://www.wikidata.org/entity/Q118987801,musée spécialisé
http://www.wikidata.org/entity/Q124944396,musée sur l'esclavage
http://www.wikidata.org/entity/Q1747681,musée sur un artiste
http://www.wikidata.org/entity/Q866133,musée universitaire
http://www.wikidata.org/entity/Q141017810,musée universitaire de médecine
http://www.wikidata.org/entity/Q1225034,musée virtuel
http://www.wikidata.org/entity/Q6659501,musée vivant
http://www.wikidata.org/entity/Q36169996,musée volcanologique
http://www.wikidata.org/entity/Q3330834,musée égyptologique
http://www.wikidata.org/entity/Q4306040,musée-appartement
http://www.wikidata.org/entity/Q4306036,musée-réserve
http://www.wikidata.org/entity/Q962734,musées des migrations
http://www.wikidata.org/entity/Q575727,navire musée
http://www.wikidata.org/entity/Q112132548,objet du musée d'archéologie
http://www.wikidata.org/entity/Q112132573,objet du musée d'archéologie industrielle
http://www.wikidata.org/entity/Q112132542,palais muséal
http://www.wikidata.org/entity/Q3363945,parc archéologique
http://www.wikidata.org/entity/Q112132527,parc historique muséal
http://www.wikidata.org/entity/Q133269026,pavillon du trésor
http://www.wikidata.org/entity/Q135926044,photothèque
http://www.wikidata.org/entity/Q740437,pinacothèque
http://www.wikidata.org/entity/Q1602776,port-musée
http://www.wikidata.org/entity/Q10500763,prison musée
http://www.wikidata.org/entity/Q30892678,propriété muséale
http://www.wikidata.org/entity/Q3924322,protomothèque
http://www.wikidata.org/entity/Q672603,studiolo italien
http://www.wikidata.org/entity/Q87267402,trailside museum
http://www.wikidata.org/entity/Q1798450,écomusée
http://www.wikidata.org/entity/Q3578786,économusée
