institution,nom,coordonnees,classe,localisation_administrative,fondation,forme_juridique,membre_de,participant_a,prix,domaine_activite,domaine_interet,siege,lieu,site_officiel,image,logo
http://www.wikidata.org/entity/Q109371251,Galerie Céline J. Dallaire,Point(-79.01756 48.24808),galerie d'art,"Abitibi-Témiscamingue,Rouyn-Noranda",,,,,,",arts graphiques",,,,",https://www.celinejdallaire.com/",,
http://www.wikidata.org/entity/Q109479179,Rock Lamothe,Point(-79.01786 48.24792),galerie d'art,"Abitibi-Témiscamingue,Rouyn-Noranda",,,,,,,,,,",https://rocklamothe-artcontemporain.ca/",,
http://www.wikidata.org/entity/Q107105456,Écart,Point(-79.0169819 48.2470015),"centre d'artistes autogéré,centre d'artistes autogéré canadien","Abitibi-Témiscamingue,Rouyn-Noranda",",1992-01-01T00:00:00Z",,"Regroupement des centres d’artistes autogérés du Québec,,Indigenous Performing Arts Alliance",,,,,,,",https://lecart.org/fr/",,
http://www.wikidata.org/entity/Q3204432,L'Odyssée des bâtisseurs,Point(-71.632 48.5816),musée,Alma,,,"Société des musées du Québec,",,,,,,,",http://www.odysseedesbatisseurs.com",",http://commons.wikimedia.org/wiki/Special:FilePath/Odyssee-des-batisseurs1.jpg",
http://www.wikidata.org/entity/Q107106160,Langage Plus,Point(-71.6505318 48.549337746),centre d'artistes autogéré canadien,Alma,",1979-01-01T00:00:00Z",,"Regroupement des centres d’artistes autogérés du Québec,",,,,,,,",https://www.langageplus.com/",,
http://www.wikidata.org/entity/Q95691386,Sagamie,Point(-71.651528 48.5507),"centre d'artistes autogéré,centre d'artistes autogéré canadien,organisme lié à l'art,salle d'expositions",Alma,,,,,,,,,,",https://www.sagamie.com/",,
http://www.wikidata.org/entity/Q115733328,Centre d'exposition d'Amos,,musée,Amos,",1968-01-01T00:00:00Z",,,,,,,"Amos,",",Amos",,",http://commons.wikimedia.org/wiki/Special:FilePath/Maison%20de%20la%20culture%20d%27Amos.jpg",
http://www.wikidata.org/entity/Q100786980,Maison de la culture d'Amos,Point(-78.110311 48.571688),centre culturel,Amos,",1993-01-01T00:00:00Z",,,,,,,,,",https://amos.quebec/loisirs-et-culture/culture-et-patrimoine/maison-de-la-culture",,
http://www.wikidata.org/entity/Q141483004,Centre d'art Rozynski,,"centre d'artistes autogéré,centre d'artistes autogéré canadien",Ayer's Cliff,,,",Regroupement des centres d’artistes autogérés du Québec",,,,,,,",https://www.artsrozynski.com",,
http://www.wikidata.org/entity/Q117284950,centre culturel du Vieux-Aylmer,Point(-75.84398 45.3946111),centre culturel,Aylmer,",1852-01-01T00:00:00Z",,,,,,,,,,",http://commons.wikimedia.org/wiki/Special:FilePath/Ancien%20palais%20de%20justice%20et%20prison%2C%20120%2C%20rue%20Principale%2C%20Aylmer%20Gatineau%20vue%20d%27ensemble%2C%20fa%C3%A7ade%20et%20c%C3%B4t%C3%A9%20gauche%2011-d.na.civile-78-6921.jpg",
http://www.wikidata.org/entity/Q138004099,Carrefour culturel Paul-Médéric,,centre culturel,Baie-Saint-Paul,,,,,,,,,,,,
http://www.wikidata.org/entity/Q17512509,musée d'art contemporain de Baie-Saint-Paul,Point(-70.5065 47.4399),musée,Baie-Saint-Paul,",1992-01-01T00:00:00Z",,",Société des musées du Québec",,,,,,"Baie-Saint-Paul,",",http://www.macbsp.com/",",http://commons.wikimedia.org/wiki/Special:FilePath/Musee%20d%20art%20contemporain%20de%20Baie-Saint-Paul%20-%2003.jpg",
http://www.wikidata.org/entity/Q139783793,Village historique de Saint-Firmin,Point(-69.718044325 48.10079277),musée,Baie-Sainte-Catherine,,,,,,,,,,,,
http://www.wikidata.org/entity/Q18533526,centre d'interprétation de Baie-du-Fèbvre,Point(-72.716144 46.140996),musée,Baie-du-Febvre,,,,,,,,,,",http://www.baie-du-febvre.net/oies",",http://commons.wikimedia.org/wiki/Special:FilePath/Centre%20d%27interpr%C3%A9tation%20de%20Baie-du-F%C3%A8bvre.JPG",
http://www.wikidata.org/entity/Q87728596,Culture Gaspésie,Point(-65.4835591 48.049104),organisation avec des membres,Bonaventure,",1992-01-01T00:00:00Z",",organisation à but non lucratif",,,,"arts,",,,,",https://culturegaspesie.org/",,
http://www.wikidata.org/entity/Q3329402,Musée acadien du Québec,Point(-65.49125 48.044722222),musée,Bonaventure,,,",Société des musées du Québec",,,,,,",site patrimonial de l'Église-de-Saint-Bonaventure",",http://www.museeacadien.com/",",http://commons.wikimedia.org/wiki/Special:FilePath/Mus%C3%A9e%20acadien%20de%20Bonaventure.JPG",
http://www.wikidata.org/entity/Q125501854,La Vieille Usine de l'Anse-à-Beaufils,Point(-64.30835 48.47263),centre culturel,Cap-d'Espoir,,,,,,,,,,,,
http://www.wikidata.org/entity/Q100998705,Vaste et Vague,Point(-66.1063436 48.1010732),centre d'artistes autogéré canadien,Carleton-sur-Mer,",1990-01-01T00:00:00Z",,",Regroupement des centres d’artistes autogérés du Québec",,,,,,,",https://vasteetvague.ca/",,
http://www.wikidata.org/entity/Q139851136,micromusée de la ville de Carleton-sur-Mer,Point(-66.100673561 48.09462202),musée,Carleton-sur-Mer,,,,,,,,,,,,
http://www.wikidata.org/entity/Q3298194,Matamajaw,Point(-67.221944444 48.352222222),musée,Causapscal,,,,,,,,,,,",http://commons.wikimedia.org/wiki/Special:FilePath/Pavillon%20principal%20Matamajaw.jpg",
http://www.wikidata.org/entity/Q112657695,Pôle culturel de Chambly,Point(-73.28417 45.44495),centre culturel,Chambly,,,,,,,,,,",https://ville.chambly.qc.ca/poleculturel/",,
http://www.wikidata.org/entity/Q99589932,Centre Bang,Point(-71.0524606 48.4247227),"centre d'artistes autogéré,centre d'artistes autogéré canadien",Chicoutimi,",2013-01-01T00:00:00Z",,"Regroupement des centres d’artistes autogérés du Québec,",,,,,,,",http://centrebang.ca",,
http://www.wikidata.org/entity/Q104815130,Centre des arts et de la culture de Chicoutimi,Point(-71.06411 48.42825),centre culturel,Chicoutimi,,,,,,,,,,,",http://commons.wikimedia.org/wiki/Special:FilePath/Biblioth%C3%A8que%20publique%20de%20Chicoutimi01.JPG",
http://www.wikidata.org/entity/Q99591542,Le LOBE,Point(-71.0689024 48.424098),centre d'artistes autogéré canadien,Chicoutimi,",1993-01-01T00:00:00Z",,"Regroupement des centres d’artistes autogérés du Québec,",,,,,,,",http://www.lelobe.com",,
http://www.wikidata.org/entity/Q3410768,pulperie de Chicoutimi,Point(-71.083333333 48.420555555),musée,Chicoutimi,,,"Société des musées du Québec,",,,,,,,",http://www.pulperie.com",",http://commons.wikimedia.org/wiki/Special:FilePath/Pulperie%20de%20Chicoutimi.jpg",
http://www.wikidata.org/entity/Q141498592,Centre de production en art actuel TOUTTOUT,,centre d'artistes autogéré canadien,"Chicoutimi,Saguenay",",1997-01-01T00:00:00Z",,",Regroupement des centres d’artistes autogérés du Québec",,,,,,,",https://www.touttout.org/01_accueil.php",,
http://www.wikidata.org/entity/Q104708964,Maison LePailleur - Société du musée du grand Châteauguay,Point(-73.748278 45.362173),musée,Châteauguay,,,",Société des musées du Québec,Culture Montérégie",,,,,,,",https://maisonlepailleur.ca",,
http://www.wikidata.org/entity/Q3329087,musée Beaulne,Point(-71.807777777 45.130555555),musée,Coaticook,",1975-01-01T00:00:00Z",,"Société des musées du Québec,",,,,,,",château Arthur-Osmore-Norton",",https://www.museebeaulne.qc.ca/,https://www.museebeaulne.qc.ca/en/home",",http://commons.wikimedia.org/wiki/Special:FilePath/Musee%20Beaulne1.jpg",
http://www.wikidata.org/entity/Q104904446,Centre d'exposition de l'Université de Montréal,Point(-73.620451609 45.504687383),"organisme lié à l'art,salle d'expositions",Côte-des-Neiges–Notre-Dame-de-Grâce,",1998-01-01T00:00:00Z",,",Société des musées du Québec,Association des musées canadiens,Société des musées de Montréal",,,,,,"Montréal,",",https://galerie.umontreal.ca/",,
http://www.wikidata.org/entity/Q20795202,Musée national de la photographie,Point(-72.488762 45.884339),musée,Drummondville,,,"Société des musées du Québec,",,,,,,,",https://museenationaldelaphotographie.com/",,
http://www.wikidata.org/entity/Q109476474,Boutique de l'Atelier,Point(-79.2915 48.588),galerie d'art,"Gallichan,Abitibi-Témiscamingue",,,,,,",arts visuels",,,,",http://www.jacdegall.ca/boutiqueatelier.html",,
http://www.wikidata.org/entity/Q23303424,manoir Le Boutillier,Point(-64.30155 48.932213),musée,Gaspé,",1850-01-01T00:00:00Z",,,,,,,,"L'Anse-au-Griffon,",,,
http://www.wikidata.org/entity/Q3329904,musée de la Gaspésie,Point(-64.4785 48.834),musée,Gaspé,,,"Société des musées du Québec,",,,,,,,",http://www.museedelagaspesie.ca/fr/",",http://commons.wikimedia.org/wiki/Special:FilePath/Logo%20Mus%C3%A9e%20de%20la%20Gasp%C3%A9sie.png",
http://www.wikidata.org/entity/Q17592325,site d'interprétation micmac de Gespeg,Point(-64.552324554 48.872104459),musée,Gaspé,,,,,,,,,",Pointe-Navarre",,,
http://www.wikidata.org/entity/Q48756344,Axenéo7,Point(-75.728108928 45.428929785),"centre d'artistes autogéré,centre d'artistes autogéré canadien,organisme lié à l'art",Gatineau,",1983-01-01T00:00:00Z",,"Regroupement des centres d’artistes autogérés du Québec,",,,,,",Gatineau",,",https://axeneo7.com",,
http://www.wikidata.org/entity/Q87727911,Culture Outaouais,,organisation avec des membres,Gatineau,",1977-01-01T00:00:00Z",",organisation à but non lucratif",,,,"arts,",,,,",https://cultureoutaouais.org/",,
http://www.wikidata.org/entity/Q100998895,Daïmôn,Point(-75.7279911 45.4285931),"centre d'artistes autogéré,centre d'artistes autogéré canadien",Gatineau,,,"Regroupement des centres d’artistes autogérés du Québec,",,,,,,,",http://daimon.qc.ca/",,
http://www.wikidata.org/entity/Q117285542,Espace Pierre-Debain,,galerie d'art,Gatineau,,,,,,,,,,",https://www.gatineau.ca/portail/default.aspx?p=trouver_un_lieu/details&id=-1421759231&ref=trouver-un-lieu",,
http://www.wikidata.org/entity/Q106729562,Galerie Montcalm,,galerie d'art,Gatineau,,,,,,,,,,,,
http://www.wikidata.org/entity/Q140593347,Galerie UQO,,"musée,galerie d'art",Gatineau,,,,,,,,,,",https://galerie.uqo.ca",,
http://www.wikidata.org/entity/Q141498556,SPiLL PROpagation,,centre d'artistes autogéré canadien,Gatineau,,,",Regroupement des centres d’artistes autogérés du Québec",,,,,,,",https://spill-propagation.com",,
http://www.wikidata.org/entity/Q86673392,musée amérindien et inuit,Point(-67.5912 49.3252),musée,Godbout,",1978-01-01T00:00:00Z",,,,,,,,,,",http://commons.wikimedia.org/wiki/Special:FilePath/Mus%C3%A9e%20am%C3%A9rindien%20et%20inuit%20de%20Godbout%20%281%29.jpg",
http://www.wikidata.org/entity/Q99588206,"3e impérial, centre d'essai en art actuel",Point(-72.72682 45.39693),centre d'artistes autogéré canadien,Granby,",1984-01-01T00:00:00Z",,"Regroupement des centres d’artistes autogérés du Québec,Culture Montérégie,",,,,,,,",http://www.3e-imperial.org",,
http://www.wikidata.org/entity/Q104708990,Musée canadien de l'arme et du bronze inc.,Point(-72.721918 45.400199),musée,Granby,,,"Société des musées du Québec,Culture Montérégie,",,,,,,,",https://museemab.com",,
http://www.wikidata.org/entity/Q5608851,Griffintown Horse Palace,Point(-73.560449 45.493537),musée,Griffintown,",1862-01-01T00:00:00Z",,,,,,,,,",http://griffintownhorsepalace.com/english/",",http://commons.wikimedia.org/wiki/Special:FilePath/2014-08-24%20Horse%20Palace%20Griffintown%20Montreal.jpg",
http://www.wikidata.org/entity/Q115749727,musée de Guérin,,musée,Guérin,,,,,,,,,,,",http://commons.wikimedia.org/wiki/Special:FilePath/220717-046-Gu%C3%A9rin.jpg",
http://www.wikidata.org/entity/Q126907882,Musée de la mer,,musée,Havre-Aubert,,,,,,,,,,",https://museedelamer-im.com",,
http://www.wikidata.org/entity/Q137712347,Écomusée de Hull,Point(-75.72675 45.42985),musée,Hull,",1996-01-01T00:00:00Z",,,,,,,,,,,
http://www.wikidata.org/entity/Q21619149,musée et Centre de transmission de la culture Daniel-Weetaluktuk,Point(-78.105103 58.455121),musée,Inukjuak,,,"Société des musées du Québec,",,,,,,,",http://www.avataq.qc.ca/fr/content/view/full/313#",,
http://www.wikidata.org/entity/Q110622393,Musée du bronze d'Inverness,Point(-71.525981377 46.261873203),musée,Inverness,,,,,,,,,,",https://www.museedubronze.com",,
http://www.wikidata.org/entity/Q3329595,Musée d'art de Joliette,Point(-73.4359 46.0245),musée,Joliette,,,"Société des musées du Québec,",,,,,,,",https://www.museejoliette.org/en/,https://www.museejoliette.org/fr/",",http://commons.wikimedia.org/wiki/Special:FilePath/MuseedartdeJoliette%202019.jpg",
http://www.wikidata.org/entity/Q106103765,Kanien’kehá:ka Onkwawén:na Raotitióhkwa Language and Cultural Center,Point(-73.6759663 45.4118547),musée,Kahnawake,",1978-01-01T00:00:00Z",,,,,"archive photographique,language preservation,",,,,",https://www.korkahnawake.org/",,
http://www.wikidata.org/entity/Q110700177,Musée régional de Kamouraska,Point(-69.868231571 47.566122303),musée,Kamouraska,,,,,,,,,,",https://museedekamouraska.com",,
http://www.wikidata.org/entity/Q18572538,site patrimonial du Moulin-Paradis,Point(-69.845277777 47.549555555),musée,Kamouraska,,,,,,,,,,,",http://commons.wikimedia.org/wiki/Special:FilePath/Moulin%20Paradis%20de%20Kamouraska%201.jpg",
http://www.wikidata.org/entity/Q2206674,musée maritime du Québec,Point(-70.3714 47.1287),musée,L'Islet,",1968-01-01T00:00:00Z",,"Société des musées du Québec,",,,,,,,",https://www.mmq.qc.ca/",",http://commons.wikimedia.org/wiki/Special:FilePath/L%27Islet%2C%20Qu%C3%A9bec%20-%20Mus%C3%A9e%20maritime%20du%20Qu%C3%A9bec.jpg",
http://www.wikidata.org/entity/Q19819333,musée de la Défense aérienne,Point(-70.9902853 48.3400777),musée,La Baie,",1997-01-01T00:00:00Z",,,,,,,,",base des Forces canadiennes Bagotville",",https://museebagotville.ca/en/home,https://museebagotville.ca/fr/accueil",",http://commons.wikimedia.org/wiki/Special:FilePath/Mus%C3%A9e%20d%C3%A9fense%20a%C3%A9rienne%20-%20entr%C3%A9e.png",
http://www.wikidata.org/entity/Q1705530,Musée de la civilisation,Point(-71.201944444 46.815),musée,La Cité-Limoilou,",1984-01-01T00:00:00Z,1988-01-01T00:00:00Z",,",Société des musées du Québec",,,,,"Québec,",,",https://www.mcq.org/,https://www.mcq.org/en/",",http://commons.wikimedia.org/wiki/Special:FilePath/Musee%20de%20la%20Civilisation.JPG",",http://commons.wikimedia.org/wiki/Special:FilePath/Logo%20du%20Mus%C3%A9e%20de%20la%20civilisation.png"
http://www.wikidata.org/entity/Q130740932,Musée des plaines d’Abraham,Point(-71.212848 46.806976),musée,La Cité-Limoilou,",1939-01-01T00:00:00Z",,,,,,,,"plaines d'Abraham,",,",http://commons.wikimedia.org/wiki/Special:FilePath/Qu%C3%A9bec%20-%20Mus%C3%A9e%20des%20plaines%20d%E2%80%99Abraham%2020241030.jpg",
http://www.wikidata.org/entity/Q2338135,Musée national des beaux-arts du Québec,Point(-71.224719444 46.798888888),musée d'art,La Cité-Limoilou,",1922-01-01T00:00:00Z",",société d'État",",Société des musées du Québec",,,,,,"plaines d'Abraham,",",https://www.mnbaq.org/",",http://commons.wikimedia.org/wiki/Special:FilePath/MNBAQ-Pavillon%20Pierre-Lassonde-escalier.jpg,http://commons.wikimedia.org/wiki/Special:FilePath/Mnbaq.jpg,http://commons.wikimedia.org/wiki/Special:FilePath/Pavillon%20Pierre%20Lassonde-MNBAQ-Qu%C3%A9bec.jpg",
http://www.wikidata.org/entity/Q28131538,pavillon Pierre-Lassonde,Point(-71.22507 46.801071),musée d'art,La Cité-Limoilou,",2016-01-01T00:00:00Z",,,,,,,,,,",http://commons.wikimedia.org/wiki/Special:FilePath/Pierre-Lassonde%2018.jpg",
http://www.wikidata.org/entity/Q62076089,Îlot des Palais,Point(-71.214219 46.815828),musée,La Cité-Limoilou,,,,,,,,,,",http://ilotdespalais.ca/en/,https://ilotdespalais.ca/",",http://commons.wikimedia.org/wiki/Special:FilePath/Voutes%20du%20Palais%2003.jpg",
http://www.wikidata.org/entity/Q131689892,maison de la culture de la Macaza,Point(-74.771805111 46.372282111),centre culturel,La Macaza,,",organisation à but non lucratif",,,,,,,,",https://decouvrir.lautre-laurentides.com/fr/activite/maison-de-la-culture-de-la-macaza/",,
http://www.wikidata.org/entity/Q3329709,musée de Charlevoix,Point(-70.1417 47.6312),musée,La Malbaie,",1975-01-01T00:00:00Z",,"Société des musées du Québec,",,,,,,,",http://www.museedecharlevoix.qc.ca/",",http://commons.wikimedia.org/wiki/Special:FilePath/Entr%C3%A9e%20du%20mus%C3%A9e%20de%20Charlevoix.JPG",
http://www.wikidata.org/entity/Q3329166,Musée québécois de l'agriculture et de l'alimentation,Point(-70.0424 47.3672),musée,La Pocatière,,,"Société des musées du Québec,",,,,,,,",https://www.mqaa.ca",,
http://www.wikidata.org/entity/Q112110954,Musée québécois de l'agriculture et de l'alimentation,Point(-70.04232 47.36719),musée,La Pocatière,,,,,,,,,,",https://www.mqaa.ca/",,
http://www.wikidata.org/entity/Q141498601,Vrille art actuel,,centre d'artistes autogéré canadien,La Pocatière,,,"Regroupement des centres d’artistes autogérés du Québec,",,,,,,,",https://vrille.ca",,
http://www.wikidata.org/entity/Q123865579,Complexe culturel Félix-Leclerc,Point(-72.78539 47.43392),centre culturel,La Tuque,",1999-01-01T00:00:00Z",,,,,,,,,",https://www.ville.latuque.qc.ca/fr/repertoire/2382/www.complexeculturelfelixleclerc.com",,
http://www.wikidata.org/entity/Q3329726,musée de Lachine,Point(-73.66638889 45.43),musée,Lachine,,,",Société des musées du Québec",,,,,,,",http://www.museedelachine.com",",http://commons.wikimedia.org/wiki/Special:FilePath/Maison%20LeBer-LeMoyne%2001.jpg",
http://www.wikidata.org/entity/Q2998300,Cosmodôme,Point(-73.744 45.5668),musée,Laval,",1994-12-16T00:00:00Z",,"Société des musées du Québec,",,,,,,,",https://cosmodome.org/",",http://commons.wikimedia.org/wiki/Special:FilePath/Cosmodome.jpg",
http://www.wikidata.org/entity/Q111724715,Le théâtre du Bout de l'île,Point(-73.53696 45.69337),centre culturel,Laval,,,,,,,,,,,,
http://www.wikidata.org/entity/Q57943665,Maison des arts de Laval,Point(-73.716493 45.558686),centre culturel,Laval,",1986-03-06T00:00:00Z",,,,,"musique,,danse,arts visuels,art-thérapie",,,,",https://www.laval.ca/maisondesarts/Pages/Fr/accueil.aspx",",http://commons.wikimedia.org/wiki/Special:FilePath/Maison%20des%20arts%20de%20Laval.jpg",
http://www.wikidata.org/entity/Q107051263,Verticale,,"centre d'artistes autogéré,centre d'artistes autogéré canadien",Laval,",1991-01-01T00:00:00Z",,"Regroupement des centres d’artistes autogérés du Québec,",,,,,,,",https://verticale.ca",,
http://www.wikidata.org/entity/Q117845705,Verticale,Point(-73.709725492 45.546064319),centre d'artistes autogéré canadien,Laval,",1991-01-01T00:00:00Z",,"Regroupement des centres d’artistes autogérés du Québec,",,,,,,,",https://www.verticale.ca/",,
http://www.wikidata.org/entity/Q21619513,musée Armand-Frappier,Point(-73.712425 45.606592),musée,Laval,,,"Société des musées du Québec,",,,,,,,",http://www.musee-afrappier.qc.ca/fr/index.php?pageid=2100&page=2100-musee-f",,
http://www.wikidata.org/entity/Q27150225,centre culturel et du patrimoine Uplands,Point(-71.86022 45.36849),centre culturel,Lennoxville,",2000-01-01T00:00:00Z",,"Société des musées du Québec,",,,,,,,",https://www.uplands.ca/",",http://commons.wikimedia.org/wiki/Special:FilePath/Centre%20culturel%20et%20du%20patrimoine%20Uplands%20-%20vers%20la%20sortie.jpg",
http://www.wikidata.org/entity/Q99588633,"AdMare, Centre d'artistes en art actuel des Îles-de-la-Madeleine",Point(-61.90876 47.37107),"centre d'artistes autogéré,centre d'artistes autogéré canadien",Les Îles-de-la-Madeleine,",1998-01-01T00:00:00Z",,",Regroupement des centres d’artistes autogérés du Québec",,,,,,"L'Étang-du-Nord,",",http://www.admare.org",,
http://www.wikidata.org/entity/Q3329922,musée de la Mer,Point(-61.83082 47.23836),musée,Les Îles-de-la-Madeleine,,,",Société des musées du Québec",,,,,,"Havre-Aubert,",",http://www.museedelamer-im.com",",http://commons.wikimedia.org/wiki/Special:FilePath/Skeleton%20of%20a%20sperm%20whale%20in%20%22Mus%C3%A9e%20de%20la%20Mer%22%20on%20Magdalen%20Islands.jpg",
http://www.wikidata.org/entity/Q141434286,Agrégat,,centre d'artistes autogéré canadien,Longueuil,",2008-01-01T00:00:00Z",,",Regroupement des centres d’artistes autogérés du Québec",,,,,,,",https://www.agregatarts.ca",,
http://www.wikidata.org/entity/Q138349807,Maison de la culture Marcel-Robidas,Point(-73.510971 45.537053),centre culturel,Longueuil,,,,,,,,,,,,
http://www.wikidata.org/entity/Q104708965,"Zocalo, centre d'artistes en art imprimé",Point(-73.512209 45.5371462),centre d'artistes autogéré canadien,Longueuil,,,",Regroupement des centres d’artistes autogérés du Québec,Culture Montérégie",,,,,,,",https://zocaloweb.org",,
http://www.wikidata.org/entity/Q87465550,musée de la Femme,Point(-73.46636 45.53532),musée,Longueuil,",2007-01-01T00:00:00Z",,,,,,,,,",https://museedelafemme.qc.ca/",,
http://www.wikidata.org/entity/Q108675504,Centre d'exposition Louise-Carrier,,"musée d'art,galerie d'art",Lévis,,,,,,,,,,",https://centrelouise-carrier.com/,https://espacedcl.ca/",,
http://www.wikidata.org/entity/Q17637624,Regart,Point(-71.186084 46.812325),"centre d'artistes autogéré canadien,organisme lié à l'art",Lévis,",1986-04-29T00:00:00Z",,",Regroupement des centres d’artistes autogérés du Québec",,,,,,"Lévis,",",http://www.centreregart.org",,
http://www.wikidata.org/entity/Q28803994,maison Merry,Point(-72.156030555 45.266311111),salle d'expositions,Magog,,,,,,,,,,",https://www.maisonmerry.ca/",",http://commons.wikimedia.org/wiki/Special:FilePath/Maison%20merry%20magog.jpg",
http://www.wikidata.org/entity/Q3329207,musée d’art naïf de Magog,Point(-72.1558 45.2672),musée,Magog,",2002-09-25T00:00:00Z",,"Société des musées du Québec,",,,",art naïf",,,,",http://artnaifmagog.com/",,
http://www.wikidata.org/entity/Q109614891,Musée minéralogique de l'Abitibi-Témiscamingue,Point(-78.12282 48.13321),musée,Malartic,",1972-01-01T00:00:00Z",,",Société des musées du Québec",,,"minéralogie,,exploitation minière",,,,",http://www.museemalartic.qc.ca/",,
http://www.wikidata.org/entity/Q21619145,Musée ilnu de Mashteuiatsh,Point(-72.2350997 48.579306),musée,Mashteuiatsh,,,",Société des musées du Québec",,,,,,,",http://cultureilnu.ca/",,
http://www.wikidata.org/entity/Q107105651,Espaces F,Point(-67.5296144 48.8485809),centre d'artistes autogéré canadien,Matane,",1997-01-01T00:00:00Z",,"Regroupement des centres d’artistes autogérés du Québec,",,,,,,,",https://espacesf.org/",,
http://www.wikidata.org/entity/Q99432274,complexe culturel Joseph-Rouleau,Point(-67.5303542 48.8485779),centre culturel,Matane,,,,,,,,,,,",http://commons.wikimedia.org/wiki/Special:FilePath/Matane%20-%20Centre%20culturel%20Joseph-Rouleau.jpg",
http://www.wikidata.org/entity/Q123921872,maison de la Culture Mercier,Point(-73.52386 45.59555),maisons de la culture de Montréal,Mercier–Hochelaga-Maisonneuve,,,,,,,,,,",https://montreal.ca/lieux/maison-de-la-culture-mercier",,
http://www.wikidata.org/entity/Q59541899,Musée des beaux-arts de Mont-Saint-Hilaire,Point(-73.19007 45.565207),"musée,musée d'art",Mont-Saint-Hilaire,",1995-01-01T00:00:00Z",,",Société des musées du Québec",,,,,,,",https://mbamsh.com/",",http://commons.wikimedia.org/wiki/Special:FilePath/Fine%20arts%20museum%20of%20Mont-Saint-Hilaire%202022%2001.jpg",
http://www.wikidata.org/entity/Q140593585,Centre d'exposition Napoléon-Bourassa,,musée,Montebello,,,,,,",Métiers d’art,arts visuels",,,,",https://centrenapoleonbourassa.ca",,
http://www.wikidata.org/entity/Q141005124,Centre Clark,,musée d'art,Montréal,",1988-01-01T00:00:00Z",,,,,,,,,",https://centreclark.com/",,
http://www.wikidata.org/entity/Q46371072,ICAO Museum,,musée,Montréal,,,,,,,,,,,,
http://www.wikidata.org/entity/Q141005122,La Centrale,,musée d'art,Montréal,",1973-01-01T00:00:00Z",,,,,,,,,",https://lacentrale.ca/",,
http://www.wikidata.org/entity/Q141003982,SKOL,,musée d'art,Montréal,",1989-01-01T00:00:00Z",,,,,,,,,",https://skol.ca/",,
http://www.wikidata.org/entity/Q130367775,Scottish Centre of Montreal,,centre culturel,Montréal,",1961-01-01T00:00:00Z",,,,,,,,,,,
http://www.wikidata.org/entity/Q141003973,articule,Point(-73.6035 45.5369),musée d'art,Montréal,",1979-01-01T00:00:00Z",,,,,,,,,",https://www.articule.org/",,
http://www.wikidata.org/entity/Q87134430,ARCMTL,,centre d'artistes autogéré canadien,Montréal,,,",Regroupement des centres d’artistes autogérés du Québec",,,,,,,",https://arcmtl.org/",,
http://www.wikidata.org/entity/Q2823706,Action terroriste socialement acceptable,,centre d'artistes autogéré canadien,Montréal,",1998-01-01T00:00:00Z",,",Regroupement des centres d’artistes autogérés du Québec",,,,,,,",http://www.atsa.qc.ca",,
http://www.wikidata.org/entity/Q105760510,Ada X,Point(-73.5744041 45.5216194),centre d'artistes autogéré canadien,Montréal,",1996-01-01T00:00:00Z",,",Regroupement des centres d’artistes autogérés du Québec",,,,,,,",http://www.ada-x.org/,https://www.ada-x.org/en/",,
http://www.wikidata.org/entity/Q99588977,"Arprim, centre d'essai en art imprimé",Point(-73.56712 45.50561),"centre d'artistes autogéré,centre d'artistes autogéré canadien",Montréal,,,",Regroupement des centres d’artistes autogérés du Québec",,,,,,,",http://www.arprim.org",,
http://www.wikidata.org/entity/Q2864894,Artexte,Point(-73.563519444 45.509972222),"centre d'artistes autogéré canadien,organisme lié à l'art",Montréal,",1980-01-01T00:00:00Z",,",Regroupement des centres d’artistes autogérés du Québec",,,,,,"Montréal,",",http://www.artexte.ca/,https://artexte.ca/en/",",http://commons.wikimedia.org/wiki/Special:FilePath/2-22%20Sainte-Catherine%20Est%2001.JPG",
http://www.wikidata.org/entity/Q87727957,Association professionnelle des diffuseurs de spectacles RIDEAU,,organisation avec des membres,Montréal,,,",CAPACOA",,,",spectacle vivant",,,,",https://associationrideau.ca/fr,https://associationrideau.ca/,https://evenementrideau.ca",,
http://www.wikidata.org/entity/Q138716608,Atelier 43,,centre d'artistes autogéré canadien,Montréal,,,,,,,,,,",https://www.atelier43.ca",,
http://www.wikidata.org/entity/Q99589371,Atelier Circulaire,Point(-73.595347 45.527088),"centre d'artistes autogéré,centre d'artistes autogéré canadien",Montréal,",1982-01-01T00:00:00Z",,",Regroupement des centres d’artistes autogérés du Québec",,,,,,,",http://www.ateliercirculaire.org,https://ateliercirculaire.org/en/",,
http://www.wikidata.org/entity/Q141479964,Atelier La Coulée,,"centre d'artistes autogéré,centre d'artistes autogéré canadien",Montréal,,,",Regroupement des centres d’artistes autogérés du Québec",,,,,,,",https://atelierlacoulee.org",,
http://www.wikidata.org/entity/Q99589802,CIRCA art actuel,Point(-73.56712 45.50561),"centre d'artistes autogéré,centre d'artistes autogéré canadien",Montréal,",1988-01-01T00:00:00Z",,",Regroupement des centres d’artistes autogérés du Québec",,,,,,,",https://www.circa-art.com",,
http://www.wikidata.org/entity/Q130320447,CITT/ICTS,,organisation avec des membres,Montréal,",1990-01-01T00:00:00Z",",organisation à but non lucratif",",CAPACOA",,,",spectacle vivant",,,,",https://www.citt.org",,
http://www.wikidata.org/entity/Q138333470,Centre PHI,Point(-73.556229 45.501509),centre culturel,Montréal,,,,,,,,,,,,
http://www.wikidata.org/entity/Q38271412,Centre Phi,Point(-73.5564459 45.5014288),organisme lié à l'art,Montréal,,,",Société des musées du Québec,Conseil québécois du théâtre",,,",spectacle vivant",,,,,",http://commons.wikimedia.org/wiki/Special:FilePath/Centre%20Phi.jpg",
http://www.wikidata.org/entity/Q118948753,Centre Sanaaq,Point(-73.5819017 45.4893896),centre culturel,Montréal,,,,,,,,,,,",http://commons.wikimedia.org/wiki/Special:FilePath/Centre%20Sanaaq%2C%20devanture.jpg",
http://www.wikidata.org/entity/Q100998674,Centre Turbine,Point(-73.5800128 45.5270019),centre d'artistes autogéré canadien,Montréal,",1999-01-01T00:00:00Z",,",Regroupement des centres d’artistes autogérés du Québec",,,,,,,",http://www.centreturbine.org",,
http://www.wikidata.org/entity/Q105207416,Centre d'art daphne,Point(-73.5972434 45.5334618),"centre d'artistes autogéré,centre d'artistes autogéré canadien",Montréal,",2019-01-01T00:00:00Z",,,,,,,,,",https://daphne.art/",,
http://www.wikidata.org/entity/Q99590832,Centre des arts actuels Skol,Point(-73.56712 45.50561),"centre d'artistes autogéré,centre d'artistes autogéré canadien",Montréal,",1984-01-01T00:00:00Z",,",Regroupement des centres d’artistes autogérés du Québec",,,,,,,",https://www.skol.ca",,
http://www.wikidata.org/entity/Q99591329,Centre d’art et de diffusion CLARK,Point(-73.59678 45.527676),"centre d'artistes autogéré,centre d'artistes autogéré canadien",Montréal,",1988-01-01T00:00:00Z",,",Regroupement des centres d’artistes autogérés du Québec",,,,,,,",https://centreclark.com/fr/",",http://commons.wikimedia.org/wiki/Special:FilePath/Centre%20d%E2%80%99art%20et%20de%20diffusion%20CLARK.jpg",
http://www.wikidata.org/entity/Q64402570,Conseil québécois du théâtre,,organisation avec des membres,Montréal,",1983-01-01T00:00:00Z",,,,,",théâtre,spectacle vivant",,"Montréal,",,",https://cqt.ca/",,",http://commons.wikimedia.org/wiki/Special:FilePath/Logo-CQT.jpg"
http://www.wikidata.org/entity/Q38298841,Dare-Dare,Point(-73.5776006 45.4800666),"centre d'artistes autogéré,centre d'artistes autogéré canadien,musée",Montréal,",1985-01-01T00:00:00Z",,",Regroupement des centres d’artistes autogérés du Québec",,,,,,"Montréal,",",http://www.dare-dare.org/",",http://commons.wikimedia.org/wiki/Special:FilePath/Centre%20d%27artistes%20DARE-DARE.jpg",",http://commons.wikimedia.org/wiki/Special:FilePath/Logo%20de%20DARE-DARE.jpg"
http://www.wikidata.org/entity/Q107105002,Diagonale,Point(-73.59678 45.527676),"centre d'artistes autogéré,centre d'artistes autogéré canadien",Montréal,",2004-01-01T00:00:00Z",,",Regroupement des centres d’artistes autogérés du Québec",,,,,,,",http://www.artdiagonale.org",,
http://www.wikidata.org/entity/Q138789511,Dimension plus,,galerie d'art,Montréal,,,,,,,,,,",https://dimensionplus.net/",,
http://www.wikidata.org/entity/Q141485065,EISODE,,centre d'artistes autogéré canadien,Montréal,,,",Regroupement des centres d’artistes autogérés du Québec",,,,,,,",https://www.eisode.art",,
http://www.wikidata.org/entity/Q16834491,Eastern Bloc,Point(-73.6555694 45.5447228),"centre d'artistes autogéré canadien,organisme lié à l'art",Montréal,,,",Regroupement des centres d’artistes autogérés du Québec",,,,,,,",http://www.easternbloc.ca/",,
http://www.wikidata.org/entity/Q141485106,Fais-moi l'art,,centre d'artistes autogéré canadien,Montréal,,,",Regroupement des centres d’artistes autogérés du Québec",,,",arts visuels,médiation culturelle",,,,",https://www.faismoilart.org",,
http://www.wikidata.org/entity/Q23824556,Fonderie Darling,Point(-73.55676 45.497732),galerie d'art,Montréal,",2002-01-01T00:00:00Z",,",Regroupement des centres d’artistes autogérés du Québec",,,,,,",édifices de la Darling Brothers",",https://fonderiedarling.org",",http://commons.wikimedia.org/wiki/Special:FilePath/Fonderie%20Darling.jpg",
http://www.wikidata.org/entity/Q107105923,Galerie B-312,Point(-73.57 45.51),centre d'artistes autogéré canadien,Montréal,",1991-01-01T00:00:00Z",,",Regroupement des centres d’artistes autogérés du Québec",,,,,,,",https://www.galerieb312.ca/",,
http://www.wikidata.org/entity/Q129657851,Galerie Christiane-Chassay,,galerie d'art,Montréal,,,,,,,,,,,,
http://www.wikidata.org/entity/Q138798078,Galerie Clarence-Gagnon,,galerie d'art,Montréal,",1975-01-01T00:00:00Z",,,,,,,,,,,
http://www.wikidata.org/entity/Q129659455,Galerie Dresdnere,,galerie d'art,Montréal,,,,,,,,,,,,
http://www.wikidata.org/entity/Q107038559,Galerie Jocelyne Gobeil,,galerie d'art,Montréal,",1987-03-03T00:00:00Z",,,,,",création de bijoux,joaillerie",,,,,,
http://www.wikidata.org/entity/Q104764319,Galerie Leonard & Bina Ellen,Point(-73.577317622 45.497251387),"galerie d'art,salle d'expositions,musée",Montréal,,,",Société des musées du Québec",,,,,,",Université Concordia",",http://ellengallery.concordia.ca/",,
http://www.wikidata.org/entity/Q138798085,Galerie Mayfair,,galerie d'art,Montréal,,,,,,,,,,,,
http://www.wikidata.org/entity/Q129659947,Galerie Roger Bellemare,,galerie d'art,Montréal,,,,,,,,,,,,
http://www.wikidata.org/entity/Q138786995,Galerie de Montréal,,galerie d'art,Montréal,,,,,,,,,,,,
http://www.wikidata.org/entity/Q30748589,Galerie de l'UQAM,Point(-73.560069 45.515414901),"galerie d'art,salle d'expositions,musée d'art",Montréal,",1969-01-01T00:00:00Z",,",Société des musées du Québec",,,,,,",Université du Québec à Montréal",",https://galerie.uqam.ca/",,",http://commons.wikimedia.org/wiki/Special:FilePath/Logo%20de%20la%20Galerie%20de%20l%27UQAM.jpg"
http://www.wikidata.org/entity/Q69809015,Groupe Intervention Vidéo,Point(-73.5744041 45.5216194),centre d'artistes autogéré canadien,Montréal,",1975-01-01T00:00:00Z",,",Regroupement des centres d’artistes autogérés du Québec",,,",film documentaire,film,animation,vidéo,distributeur de cinéma,cinéma expérimental",,"Montréal,",,",http://givideo.org/",,
http://www.wikidata.org/entity/Q135718692,L'Original,Point(-73.555009495 45.503369726),galerie d'art,Montréal,",2017-01-01T00:00:00Z",,,,,,,,"Montréal,",",https://www.loriginal.org",",http://commons.wikimedia.org/wiki/Special:FilePath/Galerie%20d%27Art%20L%27Original.jpg",
http://www.wikidata.org/entity/Q115161572,L'imprimerie centre d'artistes,Point(-73.5364436 45.5465962),"centre d'artistes autogéré,centre d'artistes autogéré canadien",Montréal,",2016-01-01T00:00:00Z",,",Regroupement des centres d’artistes autogérés du Québec",,,,,,,",https://limprimerie.art/",,
http://www.wikidata.org/entity/Q6461631,La Centrale,Point(-73.5835 45.5187),"centre d'artistes autogéré canadien,organisme lié à l'art",Montréal,",1973-01-01T00:00:00Z",,",Regroupement des centres d’artistes autogérés du Québec",,,,,,,",http://www.lacentrale.org",,
http://www.wikidata.org/entity/Q111668302,La Guilde,,galerie d'art,Montréal,",1906-01-01T00:00:00Z",,,,,,,,,",https://laguilde.com",,
http://www.wikidata.org/entity/Q135649429,La Vitrine,Point(-73.595899 45.527071),galerie d'art,Montréal,,,,,,,,,,",https://topo.art/a-propos/la-vitrine/",,
http://www.wikidata.org/entity/Q14364527,Le Gesù,Point(-73.566251666 45.5054075),centre culturel,Montréal,",1865-01-01T00:00:00Z",,,,,,,,,,",http://commons.wikimedia.org/wiki/Special:FilePath/Gesu%20Montreal%2001.jpg",
http://www.wikidata.org/entity/Q3232750,Les Foufounes électriques,Point(-73.563 45.511),galerie d'art,Montréal,",1983-01-01T00:00:00Z",,,,,,,,,",https://www.foufouneselectriques.com/",",http://commons.wikimedia.org/wiki/Special:FilePath/Foufounes%20electriques%2001.jpg",
http://www.wikidata.org/entity/Q129333270,Les SMAQ,,organisation avec des membres,Montréal,",2018-01-01T00:00:00Z",,,,,",salle de concert",,,,",https://branchezvoussurlessmaq.ca/,https://lessmaq.ca/",,
http://www.wikidata.org/entity/Q141497857,Livart,,centre d'artistes autogéré canadien,Montréal,,,",Regroupement des centres d’artistes autogérés du Québec",,,,,,,",https://lelivart.com",,
http://www.wikidata.org/entity/Q138002062,L’Arche,,atelier d'artiste,Montréal,",1904-01-01T00:00:00Z",,,,,",Arts québécois,beaux-arts",,,,,,
http://www.wikidata.org/entity/Q141497876,Maison de l'architecture du Québec,,centre d'artistes autogéré canadien,Montréal,,,,,,,,,,",https://maisondelarchitecture.ca",,
http://www.wikidata.org/entity/Q111210421,Maison internationale des arts de la marionnette,,centre culturel,Montréal,,,,,,,,,,,,
http://www.wikidata.org/entity/Q141497918,Molior,,centre d'artistes autogéré canadien,Montréal,,,",Regroupement des centres d’artistes autogérés du Québec",,,,,,,",https://molior.ca",,
http://www.wikidata.org/entity/Q6906244,"Montréal, arts interculturels",Point(-73.576216666 45.511502777),galerie d'art contemporain,Montréal,",1990-01-01T00:00:00Z,1999-01-01T00:00:00Z",",organisation à but non lucratif",",Conseil québécois du théâtre",,,"musique,,théâtre,danse,arts visuels,spectacle vivant",,,,",http://m-a-i.qc.ca,http://m-a-i.qc.ca/en",",http://commons.wikimedia.org/wiki/Special:FilePath/Entr%C3%A9e%20de%20l%27%C3%A9difice%20Strathearn.%20Montr%C3%A9al%2C%20arts%20interculturels.jpg",",http://commons.wikimedia.org/wiki/Special:FilePath/Logo%20of%20Montr%C3%A9al%2C%20arts%20interculturels.svg"
http://www.wikidata.org/entity/Q126709642,Musée Eudore-Dubeau,,musée,Montréal,,,,,,,,,,,,
http://www.wikidata.org/entity/Q134609681,Musée des Soeurs de Miséricorde,Point(-73.72038742 45.535264631),musée,Montréal,,,,,,,,,,,,
http://www.wikidata.org/entity/Q860812,Musée des beaux-arts de Montréal,Point(-73.5797575 45.4991495),musée d'art,Montréal,",1860-01-01T00:00:00Z",,",Société des musées du Québec",,,,,",Montréal",,",https://www.mbam.qc.ca/fr/,https://www.mbam.qc.ca/en/",",http://commons.wikimedia.org/wiki/Special:FilePath/Museum%20of%20Fine%20Arts%2C%20main%20entrance%2C%20Montreal.jpg",
http://www.wikidata.org/entity/Q1955726,Musée des métiers d'art du Québec,Point(-73.67125 45.51175),"salle d'expositions,musée",Montréal,,,",Société des musées du Québec",,,,,,",pavillon EL",",https://www.mumaq.com/",",http://commons.wikimedia.org/wiki/Special:FilePath/CEGEP%20Saint-Laurent%2001.jpg",
http://www.wikidata.org/entity/Q141003980,"OPTICA, centre d'art contemporain",,"centre d'artistes autogéré canadien,musée d'art",Montréal,",1974-01-01T00:00:00Z",,",Regroupement des centres d’artistes autogérés du Québec",,,,,,,",https://optica.ca/",,
http://www.wikidata.org/entity/Q48757581,Oboro,Point(-73.574449046 45.522389102),"centre d'artistes autogéré canadien,organisme lié à l'art",Montréal,",1984-01-01T00:00:00Z,2009-01-01T00:00:00Z",,,,,,,,,",http://www.oboro.net",,
http://www.wikidata.org/entity/Q141498285,Occurrence,,centre d'artistes autogéré canadien,Montréal,",1989-01-01T00:00:00Z",,",Regroupement des centres d’artistes autogérés du Québec",,,,,,,",http://occurrence.ca",,
http://www.wikidata.org/entity/Q3376145,Perte de signal,,organisme lié à l'art,Montréal,",1997-01-01T00:00:00Z",,,,,,,,,",https://perte-de-signal.org/",,
http://www.wikidata.org/entity/Q136509273,Pôle de Gaspé,Point(-73.595811 45.527304),centre culturel,Montréal,,,,,,,,,,,,
http://www.wikidata.org/entity/Q138340142,Quartier Éphémère,,"organisme lié à l'art,musée",Montréal,",1994-01-01T00:00:00Z",,,,,,,,,",http://www.fonderiedarling.org",,
http://www.wikidata.org/entity/Q3423698,Regroupement québécois de la danse,Point(-73.576089853 45.511744988),organisation avec des membres,Montréal,",1984-10-04T00:00:00Z",",personne morale sans but lucratif",,,,",danse",,",Montréal",,",https://www.quebecdanse.org/",",http://commons.wikimedia.org/wiki/Special:FilePath/Regroupement%20qu%C3%A9b%C3%A9cois%20de%20la%20danse.jpg",
http://www.wikidata.org/entity/Q106291953,Réseau Scènes,Point(-73.680360815 45.547723386),organisation avec des membres,Montréal,",1989-04-07T00:00:00Z",,",Association professionnelle des diffuseurs de spectacles RIDEAU,Culture Montérégie",,,",spectacle vivant",,,,",https://www.reseauscenes.com",,",http://commons.wikimedia.org/wiki/Special:FilePath/RS%20logo.png"
http://www.wikidata.org/entity/Q87727913,Société des musées du Québec,,organisation avec des membres,Montréal,",1958-02-01T00:00:00Z",,,,,,,,,",https://musees.qc.ca/fr/,https://www.musees.qc.ca/fr/professionnel/",,
http://www.wikidata.org/entity/Q107051816,TOPO,Point(-73.595347 45.527088),centre d'artistes autogéré canadien,Montréal,",1993-01-01T00:00:00Z",,",Regroupement des centres d’artistes autogérés du Québec",,,",art numérique",,,"Montréal,",",https://topo.art/",",http://commons.wikimedia.org/wiki/Special:FilePath/TOPO-activit%C3%A9s-1200x2000.jpg",",http://commons.wikimedia.org/wiki/Special:FilePath/Logo-topo-noir-tagline.jpg"
http://www.wikidata.org/entity/Q106651041,VIVA! Art Action,,centre d'artistes autogéré canadien,Montréal,",2006-01-01T00:00:00Z",,,,,",performance,art action",,,,",http://vivamontreal.org/",,
http://www.wikidata.org/entity/Q105099771,"VOX, centre de l'image contemporaine",Point(-73.563295169 45.510525125),"centre d'artistes autogéré canadien,salle d'expositions",Montréal,",1985-01-01T00:00:00Z",,,,,,,,",Édifice 2-22",",http://centrevox.ca/",,
http://www.wikidata.org/entity/Q104081483,Vidéographe,Point(-73.5776897 45.5313852),centre d'artistes autogéré canadien,Montréal,",1971-01-01T00:00:00Z",,,,,",création planifiée,producteur ou productrice artistique,art vidéo,cinéma expérimental,distribution",,"Montréal,",,",https://www.videographe.org",,
http://www.wikidata.org/entity/Q99589269,articule,Point(-73.59709 45.52075),"centre d'artistes autogéré,centre d'artistes autogéré canadien",Montréal,",1979-01-01T00:00:00Z",,",Regroupement des centres d’artistes autogérés du Québec",,,,,,,",http://www.articule.org,https://www.articule.org/en/home",,
http://www.wikidata.org/entity/Q3279752,maison de la culture Frontenac,Point(-73.5527 45.5329),maisons de la culture de Montréal,Montréal,,,",Conseil québécois du théâtre",,,",spectacle vivant",,,,,",http://commons.wikimedia.org/wiki/Special:FilePath/Maison%20de%20la%20culture%20Frontenac.jpg",
http://www.wikidata.org/entity/Q3279755,maison de la culture Marie-Uguay,Point(-73.5957224 45.4576584),centre culturel,Montréal,,,",Société des musées du Québec,Association professionnelle des diffuseurs de spectacles RIDEAU",,,,,,,",http://www.ville.montreal.qc.ca/sud-ouest/marie-uguay,https://montreal.ca/lieux/maison-de-la-culture-marie-uguay",",http://commons.wikimedia.org/wiki/Special:FilePath/WTMTL%20T14%20IMG%205244.JPG",
http://www.wikidata.org/entity/Q3279760,maison de la culture Pointe-aux-Trembles,Point(-73.495 45.6681),centre culturel,Montréal,,,",Société des musées du Québec,Association professionnelle des diffuseurs de spectacles RIDEAU",,,,,,,",https://montreal.ca/riviere-des-prairies-pointe-aux-trembles",",http://commons.wikimedia.org/wiki/Special:FilePath/Maison%20de%20la%20culture%20de%20Pointe-aux-Trembles.jpg",
http://www.wikidata.org/entity/Q3279762,maison de la culture Rosemont-Petite-Patrie,Point(-73.5981 45.5472),centre culturel,Montréal,,,",Société des musées du Québec,Association professionnelle des diffuseurs de spectacles RIDEAU",,,,,,,",http://www.ville.montreal.qc.ca/culture/maison-de-la-culture-rosemont-la-petite-patrie,https://montreal.ca/lieux/maison-de-la-culture-de-rosemont-la-petite-patrie,https://rpp.accesculture.com",",http://commons.wikimedia.org/wiki/Special:FilePath/Maisons%20de%20la%20culture%20Rosemont.jpg",
http://www.wikidata.org/entity/Q3279763,maison de la culture Villeray—Saint-Michel—Parc-Extension,Point(-73.6129 45.5411),centre culturel,Montréal,,,,,,,,,,,,
http://www.wikidata.org/entity/Q3279765,maison de la culture de Côte-des-Neiges,Point(-73.6217 45.496),centre culturel,Montréal,,,",Société des musées du Québec,Association professionnelle des diffuseurs de spectacles RIDEAU",,,,,,,",https://montreal.ca/lieux/maison-de-la-culture-de-cote-des-neiges,https://www.accesculture.com/emplacement/maisondelaculturecotedesneiges",",http://commons.wikimedia.org/wiki/Special:FilePath/Maison%20de%20la%20culture%20Cote-des-Neiges%2005.jpg",
http://www.wikidata.org/entity/Q3279769,maison de la culture du Plateau-Mont-Royal,Point(-73.5826 45.5249),centre culturel,Montréal,,,,,,,,,,,,
http://www.wikidata.org/entity/Q137395912,maison mère des Sœurs de la Providence,Point(-73.7125625 45.5294375),musée,Montréal,,,,,,,,,",Cartierville",,,
http://www.wikidata.org/entity/Q3329232,musée Juste pour rire,,musée,Montréal,",1993-01-01T00:00:00Z",,,,,,,",Montréal",,",http://musee.hahaha.com/accueil.jsp",",http://commons.wikimedia.org/wiki/Special:FilePath/Juste%20pour%20rire.jpg",
http://www.wikidata.org/entity/Q16964728,musée Stewart,Point(-73.5367 45.5189),musée,Montréal,,,",Société des musées du Québec",,,,,,,",http://www.stewart-museum.org",",http://commons.wikimedia.org/wiki/Special:FilePath/Cour%20int%C3%A9rieure%20du%20Mus%C3%A9e%20et%20parc%20d%27artillerie.jpg",
http://www.wikidata.org/entity/Q3329843,musée de l'imprimerie du Québec,Point(-73.63998 45.55163),musée,Montréal,,,,,,,,,,",http://www.museeimpression.org/a-propos-du-musee/mission/",,
http://www.wikidata.org/entity/Q20971431,musée de paléontologie et de l'évolution,,musée,Montréal,,,,,,,,,,",http://www.mpe-fossiles.net/",,",http://commons.wikimedia.org/wiki/Special:FilePath/Logo%20mpe.jpg"
http://www.wikidata.org/entity/Q3330133,musée des Hospitalières de l'Hôtel-Dieu de Montréal,Point(-73.576984 45.513257),musée,Montréal,,,",Société des musées du Québec",,,,,,",Hôtel-Dieu de Montréal",",https://museedeshospitalieres.qc.ca/accueil/",,
http://www.wikidata.org/entity/Q3330268,musée des ondes Émile-Berliner,Point(-73.5922577 45.4767667),musée,Montréal,",1992-01-01T00:00:00Z",,",Société des musées du Québec",,,,,,",Saint-Henri",",https://moeb.ca/",",http://commons.wikimedia.org/wiki/Special:FilePath/Dauerausstellung%20im%20Mus%C3%A9e%20des%20ondes%20Emile%20Berliner.jpg",
http://www.wikidata.org/entity/Q3330329,musée du château Dufresne,Point(-73.5538 45.5539),musée,Montréal,,,",Société des musées du Québec",,,,,,,",http://www.chateaudufresne.com/",",http://commons.wikimedia.org/wiki/Special:FilePath/Ch%C3%A2teau%20Dufresne%20%28Montr%C3%A9al%2C%20Quebec%29%201.jpg",
http://www.wikidata.org/entity/Q284716,oratoire Saint-Joseph du Mont-Royal,Point(-73.616667 45.491667),musée,Montréal,",1967-01-01T00:00:00Z",,,,,,,,",Côte-des-Neiges–Notre-Dame-de-Grâce",",http://www.saint-joseph.org",",http://commons.wikimedia.org/wiki/Special:FilePath/View%20of%20St.%20Joseph%27s%20Oratory%20on%20Mount%20Royal%2008%202025.jpg",
http://www.wikidata.org/entity/Q127305697,palais de la civilisation,,"salle d'expositions,musée",Montréal,",1985-01-01T00:00:00Z",,,,,",exposition",,,,,,
http://www.wikidata.org/entity/Q3279750,maison de la culture Ahuntsic-Cartierville,Point(-73.6619 45.5534),"centre culturel,maisons de la culture de Montréal","Montréal,Ahuntsic-Cartierville",,,",Association professionnelle des diffuseurs de spectacles RIDEAU",,,,,,,",http://mcahuntsic.com/",",http://commons.wikimedia.org/wiki/Special:FilePath/Edifice%20Albert-Dumouchel.jpg",
http://www.wikidata.org/entity/Q3279754,maison de la culture Maisonneuve,Point(-73.5402 45.5511),centre culturel,"Montréal,Mercier–Hochelaga-Maisonneuve",,,,,,,,,,,",http://commons.wikimedia.org/wiki/Special:FilePath/WTMTL%20T34%20IMG%201463.JPG",
http://www.wikidata.org/entity/Q139851888,Espace René-Lévesque,Point(-65.323420275 48.009660777),musée,New Carlisle,,,,,,,,,,,,
http://www.wikidata.org/entity/Q3330271,musée des cultures du monde,Point(-72.6097 46.2326),musée,Nicolet,",1986-01-01T00:00:00Z",,",Société des musées du Québec",,,,,,,",http://museedesreligions.qc.ca/",,
http://www.wikidata.org/entity/Q111724720,Carrefour culturel de Notre-Dame-des-Prairies,Point(-73.43301 46.04193),centre culturel,Notre-Dame-des-Prairies,,,,,,,,,,,,
http://www.wikidata.org/entity/Q21619144,Fossilarium de Notre-Dame-du-Nord,Point(-79.484569 47.592845),musée,Notre-Dame-du-Nord,,,",Société des musées du Québec",,,,,,,",http://www.fossiles.qc.ca/",",http://commons.wikimedia.org/wiki/Special:FilePath/Fossilarium.jpg",
http://www.wikidata.org/entity/Q139973912,centre d'interprétation du chemin du Portage,Point(-69.589456823 47.789957603),musée,Notre-Dame-du-Portage,,,,,,,,,,,,
http://www.wikidata.org/entity/Q139850944,Atelier d'entomologie - Créations Guy Leblanc,Point(-66.309892571 48.137195379),galerie d'art,Nouvelle,,,,,,,,,,,,
http://www.wikidata.org/entity/Q139850889,La Petite École,Point(-66.310199313 48.134943581),centre culturel,Nouvelle,,,,,,,,,,,,
http://www.wikidata.org/entity/Q139850881,Maison de la culture Nouvelle,Point(-66.309910615 48.135690177),centre culturel,Nouvelle,,,,,,,,,,,,
http://www.wikidata.org/entity/Q3330107,musée des Abénakis,Point(-72.821666666 46.071111111),musée,Odanak,",1965-01-01T00:00:00Z",,",Société des musées du Québec",,,,,,,",https://museeabenakis.ca/",",http://commons.wikimedia.org/wiki/Special:FilePath/Mus%C3%A9e%20de%20Ab%C3%A9naquis.jpg",
http://www.wikidata.org/entity/Q106099322,Institut culturel cri,Point(-74.82066 49.92401),"musée,centre culturel",Oujé-Bougoumou,",2011-11-14T00:00:00Z",,,,,",archivage à long terme",,,,",https://creeculturalinstitute.ca/",",http://commons.wikimedia.org/wiki/Special:FilePath/Ouj%C3%A9-Bougoumou%20en%20ao%C3%BBt%202014%2001.jpg",
http://www.wikidata.org/entity/Q139852053,Boutillier Brothers,Point(-65.255727275 48.021216754),musée,Paspébiac,,,,,,,,,",Paspébiac-Ouest",,,
http://www.wikidata.org/entity/Q123529912,Café culture,Point(-65.248292571 48.029537813),galerie d'art,Paspébiac,,,,,,,,,,,,
http://www.wikidata.org/entity/Q123529432,Centre culturel de Paspébiac,Point(-65.24824 48.03004),centre culturel,Paspébiac,,,,,,,,,,,,
http://www.wikidata.org/entity/Q138798117,Galerie d'art Iris,,galerie d'art,Percé,,,,,,,,,,,,
http://www.wikidata.org/entity/Q139859281,John Wiseman / La Maisonart,Point(-64.291308111 48.482411072),galerie d'art,Percé,,,,,,,,,"Weygand,",,,
http://www.wikidata.org/entity/Q139859260,Magasin général historique authentique 1928,Point(-64.307689078 48.474955679),musée,Percé,,,,,,,,,"L'Anse-à-Beaufils,",",https://www.magasinhistorique.com/",,
http://www.wikidata.org/entity/Q139860996,Maison Tommi,Point(-64.218434018 48.531012817),galerie d'art,Percé,,,,,,,,,,,,
http://www.wikidata.org/entity/Q139859591,Ovila,Point(-64.212143926 48.524096782),galerie d'art,Percé,,,,,,,,,,",https://www.ovila.ca/",,
http://www.wikidata.org/entity/Q139859328,galerie d'art Donald Cahill,Point(-64.227096057 48.503059883),galerie d'art,Percé,,,,,,,,,,,,
http://www.wikidata.org/entity/Q139859316,galerie d'art Loiselle,Point(-64.251074321 48.493815958),galerie d'art,Percé,,,,,,,,,,",https://www.denisloiselle.com/",,
http://www.wikidata.org/entity/Q139861039,galerie d'art Mourad Fouad,Point(-64.294291052 48.54970464),galerie d'art,Percé,,,,,,,,,"Cannes-de-Roches,",,,
http://www.wikidata.org/entity/Q139861016,musée Le Chafaud,Point(-64.265874425 48.54024156),musée,Percé,,,,,,,,,,,,
http://www.wikidata.org/entity/Q139861047,musée culturel de Coin-du-Banc,Point(-64.294215187 48.554666125),musée,Percé,,,,,,,,,"Coin-du-Banc,",,,
http://www.wikidata.org/entity/Q125490116,Centre culturel Léopold-Plante,Point(-69.28101 47.4886),centre culturel,Pohénégamook,,,,,,,,,,,,
http://www.wikidata.org/entity/Q20006926,Centre culturel Stewart Hall,Point(-73.8082 45.4344),"musée d'art,centre culturel",Pointe-Claire,",1963-01-01T00:00:00Z",,,,,,,,,",https://www.pointe-claire.ca/territoire-et-urbanisme/lieux-et-secteurs-de-pointe-claire/trouvez-un-lieu/centre-culturel-stewart-hall",",http://commons.wikimedia.org/wiki/Special:FilePath/Charles%20Wesley%20Maclean%20House%2C%20Pointe-Claire%2011.jpg",
http://www.wikidata.org/entity/Q9495,site historique maritime de la Pointe-au-Père,Point(-68.4689 48.5175),musée,Pointe-au-Père,",1980-01-01T00:00:00Z",,",Société des musées du Québec",,,,,,,",https://www.shmp.qc.ca/",",http://commons.wikimedia.org/wiki/Special:FilePath/Pointe-au-P%C3%A8re%20montage.png",
http://www.wikidata.org/entity/Q3325583,Moulin Marcoux,Point(-71.69923 46.75631),centre culturel,Pont-Rouge,,,,,,,,,,,",http://commons.wikimedia.org/wiki/Special:FilePath/Moulin%20Marcoux%20de%20Pont-Rouge%20%28Qu%C3%A9bec%29%201.JPG",
http://www.wikidata.org/entity/Q104764138,Musée Louis-Hémon,Point(-71.984654724 48.741678867),musée,Péribonka,",1938-01-01T00:00:00Z",,",Société des musées du Québec",,,,,,,",https://www.museelh.ca/",",http://commons.wikimedia.org/wiki/Special:FilePath/Maison%20de%20Samuel%20B%C3%A9dard.jpg",
http://www.wikidata.org/entity/Q2864551,Art Mûr,Point(-73.5968 45.5331),"musée,salle d'expositions,galerie d'art contemporain",Québec,",1996-01-01T00:00:00Z",,,,,,,,"Montréal,",",http://www.artmur.com/",",http://commons.wikimedia.org/wiki/Special:FilePath/Art%20Mur%20Installation%20Jinny%20Yu.jpg",
http://www.wikidata.org/entity/Q99589650,Avatar,Point(-71.2210583 46.8128491),"centre d'artistes autogéré,centre d'artistes autogéré canadien",Québec,",1993-01-01T00:00:00Z",,",Regroupement des centres d’artistes autogérés du Québec",,,,,,,",http://avatarquebec.org/fr/",,
http://www.wikidata.org/entity/Q139820117,Blouin Division,,galerie d'art contemporain,Québec,",2020-01-01T00:00:00Z",,,,,,,,"Toronto,,Montréal",",https://blouin-division.com/",,
http://www.wikidata.org/entity/Q138277176,Bradley Ertaskiran,Point(-73.584213 45.482822),galerie d'art contemporain,Québec,",2020-01-01T00:00:00Z",,,,,,,,",Montréal",",https://bradleyertaskiran.com/",,
http://www.wikidata.org/entity/Q137397132,Centre d'artistes Ahkwayaonhkeh,,centre d'artistes autogéré,Québec,,,,,,,,,,",https://ahkwayaonhkeh.org",,
http://www.wikidata.org/entity/Q100965382,Centre de valorisation du patrimoine vivant,,organisation avec des membres,Québec,",1981-01-01T00:00:00Z",,",Conseil québécois du patrimoine vivant",,,"tradition,festival,,conte,atelier,patrimoine culturel immatériel,représentation,ethnologie,spectacle vivant,danse traditionnelle,musique traditionnelle,conférence,artisanat",,,,",http://www.cvpv.net/",,
http://www.wikidata.org/entity/Q139820331,Chiguer art contemporain,,galerie d'art contemporain,Québec,",2014-01-01T00:00:00Z",,,,,,,,",Québec,Montréal",",https://chiguerartcontemporain.com/",,
http://www.wikidata.org/entity/Q131708561,Complexe Méduse,Point(-71.221383 46.812665),centre culturel,Québec,",1995-01-01T00:00:00Z",,,,,,,,,,",http://commons.wikimedia.org/wiki/Special:FilePath/Cooperative%20Meduse%20-%2007.jpg",
http://www.wikidata.org/entity/Q86669572,Conseil québécois du patrimoine vivant,Point(-71.23192 46.81314),organisation avec des membres,Québec,",1993-01-01T00:00:00Z",,,,",prix Mnémo","tradition,,ethnologie,patrimoine culturel immatériel",,,,",https://patrimoinevivant.qc.ca/",,",http://commons.wikimedia.org/wiki/Special:FilePath/Logo-CQPV.jpg"
http://www.wikidata.org/entity/Q139820467,Duran Contemporain,,galerie d'art contemporain,Québec,",2017-01-01T00:00:00Z",,,,,,,,",Montréal",",https://durancontemporain.com/",,
http://www.wikidata.org/entity/Q140473126,ELLEPHANT,,galerie d'art contemporain,Québec,",2015-01-01T00:00:00Z",,,,,,,,",Montréal",",https://ellephant.org/",,
http://www.wikidata.org/entity/Q140473008,Eli Kerr,,galerie d'art contemporain,Québec,",2022-01-01T00:00:00Z",,,,,,,,",Montréal",",https://elikerrhq.com/",,
http://www.wikidata.org/entity/Q105947484,Engramme,Point(-71.227334168 46.811320532),centre d'artistes autogéré canadien,Québec,",1972-01-01T00:00:00Z",,",Regroupement des centres d’artistes autogérés du Québec",,,,,,,",https://engramme.ca/",,
http://www.wikidata.org/entity/Q95597168,Folie/Culture,Point(-71.225898 46.811787),centre d'artistes autogéré canadien,Québec,",1984-01-01T00:00:00Z",,",Regroupement des centres d’artistes autogérés du Québec",,,,,,,",https://folieculture.org/",,
http://www.wikidata.org/entity/Q129655683,Galerie Au parrain des artistes,,galerie d'art,Québec,,,,,,,,,,,,
http://www.wikidata.org/entity/Q140473529,Galerie C.O.A.,,galerie d'art contemporain,Québec,",2014-01-01T00:00:00Z",,,,,,,,",Montréal",",https://www.galeriecoa.com/",,
http://www.wikidata.org/entity/Q140646027,Galerie Hugues Charbonneau,,galerie d'art contemporain,Québec,",2012-01-01T00:00:00Z",,,,,,,,",Montréal",",https://huguescharbonneau.com/",,
http://www.wikidata.org/entity/Q138787561,Galerie Lacerte art contemporain,,galerie d'art contemporain,Québec,",1974-01-01T00:00:00Z",,,,,,,,",Québec,Montréal",",https://galerielacerte.com/",,
http://www.wikidata.org/entity/Q133804165,Galerie Michel Guimont,,galerie d'art,Québec,,,,,,,,,,,,
http://www.wikidata.org/entity/Q140646106,Galerie Nicolas Robert,,galerie d'art contemporain,Québec,",2011-01-01T00:00:00Z",,,,,,,,",Montréal",",https://www.galerienicolasrobert.com/",,
http://www.wikidata.org/entity/Q140646157,Galerie Robert Poulin,,galerie d'art contemporain,Québec,,,,,,,,,",Montréal",,,
http://www.wikidata.org/entity/Q140646191,Galerie Robertson Ares,,galerie d'art contemporain,Québec,",2019-01-01T00:00:00Z",,,,,,,,",Montréal",",https://galerierobertsonares.com/",,
http://www.wikidata.org/entity/Q129657195,Galerie Simon Blais,,galerie d'art,Québec,",1989-01-01T00:00:00Z",,,,,,,,",Montréal",",https://www.galeriesimonblais.com",,
http://www.wikidata.org/entity/Q17489128,Galerie Valentin,Point(-73.5808 45.4972),"musée,galerie d'art",Québec,",1934-01-01T00:00:00Z",,,,,,,",Montréal",,,",http://commons.wikimedia.org/wiki/Special:FilePath/Art.%20L%27Art%20Fran%C3%A7ais%20BAnQ%20P48S1P09964.jpg",
http://www.wikidata.org/entity/Q129656136,Galerie d'art Michel de Kerdour,,galerie d'art,Québec,,,,,,,,,,,,
http://www.wikidata.org/entity/Q140872491,Galeries Bellemare Lambert,,galerie d'art contemporain,Québec,",2001-01-01T00:00:00Z",,,,,,,,",Montréal",",https://www.bellemarelambert.com/fr/",,
http://www.wikidata.org/entity/Q95690585,La Chambre blanche,Point(-71.227442112 46.810847594),"centre d'artistes autogéré canadien,organisme lié à l'art,salle d'expositions",Québec,",1978-01-01T00:00:00Z",,",Regroupement des centres d’artistes autogérés du Québec",,,,,"Québec,",,",https://www.chambreblanche.qc.ca/",,
http://www.wikidata.org/entity/Q95690827,Le Lieu,Point(-71.2212772 46.8162704),"centre d'artistes autogéré canadien,organisme lié à l'art,salle d'expositions",Québec,,,",Regroupement des centres d’artistes autogérés du Québec",,,,,,"Québec,",",https://inter-lelieu.org",,
http://www.wikidata.org/entity/Q95690756,L’Œil de Poisson,Point(-71.2214129 46.8127582),"centre d'artistes autogéré canadien,organisme lié à l'art,salle d'expositions",Québec,,,",Regroupement des centres d’artistes autogérés du Québec",,,,,,"Québec,",",https://www.oeildepoisson.com/",,
http://www.wikidata.org/entity/Q110416404,Maison de la littérature,Point(-71.211011 46.812865),centre culturel,Québec,,,,,,,,,,",https://www.maisondelalitterature.qc.ca/",",http://commons.wikimedia.org/wiki/Special:FilePath/Maison%20de%20la%20litterature%20-%2021.jpg",
http://www.wikidata.org/entity/Q3285879,Manif d'art,Point(-71.221101962 46.813034748),organisme lié à l'art,Québec,",2000-01-01T00:00:00Z",,,,,"maison d'édition,,exposition internationale,art contemporain",,,",Québec",",https://manifdart.org",,
http://www.wikidata.org/entity/Q140875938,McBride Contemporain,,galerie d'art contemporain,Québec,",2018-01-01T00:00:00Z",,,,,,,,",Montréal",",https://mcbridecontemporain.com/",,
http://www.wikidata.org/entity/Q6792287,Musée Médical Maude Abbott,Point(-73.579722222 45.507222222),musée,Québec,,,,,,,,,,,,
http://www.wikidata.org/entity/Q16665636,Musée du Pôle culturel du Monastère des Ursulines,Point(-71.208186 46.812162),musée,Québec,",1936-01-01T00:00:00Z",,",Société des musées du Québec",,,,,,,",https://www.polecultureldesursulines.ca/musee-pole-culturel/",,",http://commons.wikimedia.org/wiki/Special:FilePath/POLE%20musee%20rgb.jpg"
http://www.wikidata.org/entity/Q103926387,Musée provincial de l'instruction publique,,musée,Québec,",1886-01-01T00:00:00Z",,,,,,,,,,,
http://www.wikidata.org/entity/Q140876187,Pangée,,galerie d'art contemporain,Québec,",2017-01-01T00:00:00Z",,,,,,,,",Montréal",",https://pangeepangee.com/",,
http://www.wikidata.org/entity/Q140876728,Patrick Mikhail,,galerie d'art contemporain,Québec,",2006-01-01T00:00:00Z",,,,,,,,",Montréal",",https://www.patrickmikhailgallery.com/",,
http://www.wikidata.org/entity/Q140877255,Pierre-Francois Ouellette art contemporain,,galerie d'art contemporain,Québec,",2001-01-01T00:00:00Z",,,,,,,,",Montréal",",https://www.pfoac.com/",,
http://www.wikidata.org/entity/Q131279157,RAPAIL,,organisation avec des membres,Québec,",2020-01-01T00:00:00Z",",organisation à but non lucratif",",CAPACOA",,,"spoken word,,littérature",,,,",https://www.rapail.ca/",,
http://www.wikidata.org/entity/Q106824038,RIDEAU,,organisation avec des membres,Québec,",1978-01-01T00:00:00Z",,,,,",spectacle vivant",,,,",https://associationrideau.ca/fr",,
http://www.wikidata.org/entity/Q141003689,Tian Contemporain,,galerie d'art contemporain,Québec,",2013-01-01T00:00:00Z",,,,,,,,",Montréal",",https://fr.tiancontemporain.com/",,
http://www.wikidata.org/entity/Q138789524,Troisième Galerie,,galerie d'art,Québec,,,,,,,,,,,,
http://www.wikidata.org/entity/Q95691007,"VU, centre de diffusion et de production de la photographie",Point(-71.2272712 46.8115112),"centre d'artistes autogéré canadien,organisme lié à l'art,salle d'expositions",Québec,,,",Regroupement des centres d’artistes autogérés du Québec",,,,,,"Québec,",",http://vuphoto.org/",,
http://www.wikidata.org/entity/Q141004010,Wishbone Galerie d’art,,galerie d'art contemporain,Québec,",2021-01-01T00:00:00Z",,,,,,,,",Montréal",",https://wishboneart.com/",,
http://www.wikidata.org/entity/Q141004359,Yves Laroche Galerie d'art,,galerie d'art contemporain,Québec,",1991-01-01T00:00:00Z",,,,,,,,",Montréal",",https://yveslaroche.com/",,
http://www.wikidata.org/entity/Q30290408,maison Léon-Provancher,Point(-71.343735 46.751032),musée,Québec,",1990-01-01T00:00:00Z",,",Société des musées du Québec",,,,,,,",http://www.maisonleonprovancher.com/",",http://commons.wikimedia.org/wiki/Special:FilePath/Maison%20L%C3%A9on-Provancher.jpg",
http://www.wikidata.org/entity/Q136421027,maison de la BD,,musée,Québec,,,,,,,,,,,,
http://www.wikidata.org/entity/Q3329268,musée Marguerite-Bourgeoys,Point(-73.55122 45.509804),musée,Québec,",1998-05-24T00:00:00Z",,,,,,,",chapelle Notre-Dame-de-Bon-Secours de Montréal",,",https://margueritebourgeoys.org/,https://margueritebourgeoys.org/en/",",http://commons.wikimedia.org/wiki/Special:FilePath/WTMTL%20T33%20P8289907.JPG",
http://www.wikidata.org/entity/Q16665615,musée Royal 22e Régiment,,musée,Québec,",1950-01-01T00:00:00Z",,",Société des musées du Québec",,,,,,",plaines d'Abraham",",http://www.lacitadelle.qc.ca/,http://www.lacitadelle.qc.ca/en/",,
http://www.wikidata.org/entity/Q3329783,musée de l'Amérique française,Point(-71.20656 46.81414),musée,Québec,",1663-01-01T00:00:00Z",,,,,,,,"Vieux-Québec,",",http://www.mcq.org/fr/maf/",",http://commons.wikimedia.org/wiki/Special:FilePath/Musee%20Amerique%20francaise%2001.jpg",",http://commons.wikimedia.org/wiki/Special:FilePath/Musee%20de%20l%27Am%C3%A9rique%20francophone%202013%20%28logo%29.png"
http://www.wikidata.org/entity/Q2945144,musée de la place Royale,Point(-71.203 46.8133),musée,Québec,",1999-01-01T00:00:00Z",,,,,,,,,",http://www.mcq.org/fr/cipr/",",http://commons.wikimedia.org/wiki/Special:FilePath/Musee%20de%20la%20place%20royale%202013%20%28logo%29.png",
http://www.wikidata.org/entity/Q3330740,musée naval de Québec,Point(-71.2 46.8186),musée,Québec,,,",Société des musées du Québec",,,,,,,",http://www.museenavaldequebec.ca/",",http://commons.wikimedia.org/wiki/Special:FilePath/Mus%C3%A9e%20naval%20de%20Qu%C3%A9bec.jpg",
http://www.wikidata.org/entity/Q116771419,rue du Trésor,Point(-71.20616055 46.81329566),galerie d'art,Québec,,,,,,,,,,,",http://commons.wikimedia.org/wiki/Special:FilePath/Rue%20du%20Tresor%2C%20vieux%20Quebec%203.jpg",
http://www.wikidata.org/entity/Q107015600,salle du Centre culturel de Verdun,Point(-73.577914276 45.44860617),salle d'expositions,Québec,,,,,,,,,,",https://www.accesculture.com/emplacement/Centre_culturel_de_Verdun",,
http://www.wikidata.org/entity/Q59541543,MA musée d'art,Point(-79.02241 48.237056),musée d'art,"Québec,Abitibi-Témiscamingue,Rouyn-Noranda",,,",Société des musées du Québec",,,,,,,",http://www.museema.org/",,
http://www.wikidata.org/entity/Q141484396,Centre des arts visuels | Galerie McClure,,centre d'artistes autogéré canadien,"Québec,Montréal",,,",Regroupement des centres d’artistes autogérés du Québec",,,,,,,",https://visualartscentre.ca/fr/",,
http://www.wikidata.org/entity/Q2945106,MEM - Centre des mémoires montréalaises,Point(-73.5631948 45.5096061),musée,"Québec,Montréal",",1983-01-01T00:00:00Z",,,,,,,,,",https://memmtl.ca,https://memmtl.ca/en/",",http://commons.wikimedia.org/wiki/Special:FilePath/MEM%20-%20Centre%20des%20m%C3%A9moires%20montr%C3%A9alaises.jpg",
http://www.wikidata.org/entity/Q2235294,Musée d'art contemporain de Montréal,Point(-73.5701828 45.501449584),"musée d'art,galerie d'art","Québec,Montréal",",1964-01-01T00:00:00Z",,",Société des musées du Québec",,,,,,,",http://www.macm.org/en/,https://macm.org/",",http://commons.wikimedia.org/wiki/Special:FilePath/Musee%20d%20art%20contemporain%20de%20Montreal%20-%2012.jpg",
http://www.wikidata.org/entity/Q106824011,ROSEQ,,organisation avec des membres,"Québec,Rimouski",",1978-01-01T00:00:00Z",,",Association professionnelle des diffuseurs de spectacles RIDEAU",,,",spectacle vivant",,,,",https://www.roseq.qc.ca/",,
http://www.wikidata.org/entity/Q100761475,centre d'interprétation multiethnique de Rawdon,Point(-73.702170219 46.043113656),"musée,musée d'art",Rawdon,,,,,,,,,,,,
http://www.wikidata.org/entity/Q98545206,Centre d'art Diane-Dufresne,Point(-73.448166 45.738677),centre culturel,Repentigny,,,",Société des musées du Québec",,,,,,,",https://www.ville.repentigny.qc.ca/centredartdianedufresne.html",,
http://www.wikidata.org/entity/Q98545224,Espace culturel de Repentigny,,centre culturel,Repentigny,,,,,,,,,,,,
http://www.wikidata.org/entity/Q28803894,centre d'interprétation de l'ardoise,Point(-72.14908 45.65717),musée,Richmond,,,",Société des musées du Québec",,,,,,,",http://www.centreardoise.ca/",",http://commons.wikimedia.org/wiki/Special:FilePath/Centre%20d%27interpr%C3%A9tation%20de%20l%27ardoise%2002.jpg",
http://www.wikidata.org/entity/Q122973827,Empress of Ireland Museum,Point(-68.46867 48.51723),musée,Rimouski,,,,,,,,,,,",http://commons.wikimedia.org/wiki/Special:FilePath/Empress%20of%20Ireland%20museum%202010.jpg",
http://www.wikidata.org/entity/Q99591450,Caravansérail,Point(-68.5296676 48.4423165),"centre d'artistes autogéré,centre d'artistes autogéré canadien",Rimouski,,,",Regroupement des centres d’artistes autogérés du Québec",,,,,,,",http://www.caravanserail.org/",,
http://www.wikidata.org/entity/Q3278833,maison Lamontagne,Point(-68.497222222 48.483888888),musée,Rimouski,",1745-01-01T00:00:00Z",,,,,,,,,",http://www.maisonlamontagne.com/accueil.asp",",http://commons.wikimedia.org/wiki/Special:FilePath/Maison%20Lamontagne%20de%20Rimouski%20en%202010.JPG",
http://www.wikidata.org/entity/Q3330791,musée de Rimouski,Point(-68.5291 48.4504),musée,Rimouski,,,",Société des musées du Québec",,,,,,,",https://museerimouski.qc.ca",",http://commons.wikimedia.org/wiki/Special:FilePath/Musee%20regional%20de%20Rimouski%20en%202010.jpeg",
http://www.wikidata.org/entity/Q125490973,Centre Culturel Berger,Point(-69.54014 47.82721),centre culturel,Rivière-du-Loup,,,,,,,,,,,,
http://www.wikidata.org/entity/Q125491073,Maison de la culture de Rivière-du-Loup,Point(-69.53645 47.83732),centre culturel,Rivière-du-Loup,,,,,,,,,,,,
http://www.wikidata.org/entity/Q139784407,Manoir Fraser,Point(-69.538670153 47.841109381),musée,Rivière-du-Loup,,,,,,,,,,,,
http://www.wikidata.org/entity/Q101137998,Musée du Bas-Saint-Laurent,Point(-69.545150223 47.829947894),musée,Rivière-du-Loup,",1975-01-01T00:00:00Z",,"Société des musées du Québec,",,,,,,,",https://www.mbsl.qc.ca/",",http://commons.wikimedia.org/wiki/Special:FilePath/Bas-Saint-Laurent%20Museum.jpg",
http://www.wikidata.org/entity/Q86680386,Conseil de la culture de l'Abitibi-Témiscamingue,Point(-79.01813 48.23927),organisation avec des membres,Rouyn-Noranda,",1977-05-25T00:00:00Z",",organisation à but non lucratif",,,,"arts,",,,,",https://ccat.qc.ca",,
http://www.wikidata.org/entity/Q3330347,musée du Fjord,Point(-70.85355 48.31725),musée,Saguenay,",1983-01-01T00:00:00Z",,",Société des musées du Québec",,,,,,,",https://www.museedufjord.com/",",http://commons.wikimedia.org/wiki/Special:FilePath/Musee%20du%20fjord.jpg",
http://www.wikidata.org/entity/Q3152151,Institut des arts au Saguenay,,salle d'expositions,Saguenay–Lac-Saint-Jean,",1960-01-01T00:00:00Z",,,,,"art,culture,enseignement,",,,,",https://www.centrenationalexposition.com/",,
http://www.wikidata.org/entity/Q18545656,caserne de Carillon,Point(-74.372222 45.564722),musée,Saint-André-d'Argenteuil,,,,,,,,,",Carillon",",http://www.pc.gc.ca/fra/lhn-nhs/qc/carillon/index.aspx",",http://commons.wikimedia.org/wiki/Special:FilePath/Caserne%20militaire%20Carillon.jpg",
http://www.wikidata.org/entity/Q21658571,musée régional d'Argenteuil,Point(-74.371852 45.565124),musée,Saint-André-d'Argenteuil,,,",Société des musées du Québec",,,,,,,",http://www.museeregionaldargenteuil.ca",,
http://www.wikidata.org/entity/Q125516684,Le P'tit Bonheur de Saint-Camille,Point(-71.70373 45.68363),centre culturel,Saint-Camille,,,,,,,,,,,,
http://www.wikidata.org/entity/Q25916607,maison Antoine-Lacombe,Point(-73.47544 46.05525),salle d'expositions,Saint-Charles-Borromée,,,,,,,,,,",http://www.antoinelacombe.com/",",http://commons.wikimedia.org/wiki/Special:FilePath/Maison%20Antoine%20Lacombe.jpg",
http://www.wikidata.org/entity/Q104708962,Maison nationale des Patriotes,Point(-73.160030746 45.785834026),salle d'expositions,Saint-Denis-sur-Richelieu,,,",Culture Montérégie",,,,,,"maison Jean-Baptiste-Mâsse,",",https://mndp.qc.ca",,
http://www.wikidata.org/entity/Q117742359,Q117742359,Point(-70.2892762 47.1937566),"résidence d'artistes,centre d'artistes autogéré canadien",Saint-Jean-Port-Joli,",1992-01-01T00:00:00Z",,",Regroupement des centres d’artistes autogérés du Québec",,,,,,,",https://estnordest.org/",,
http://www.wikidata.org/entity/Q69690654,musée de la mémoire vivante,Point(-70.309655 47.17118),musée,Saint-Jean-Port-Joli,",2008-01-01T00:00:00Z",,",Société des musées du Québec",,,,,,",site patrimonial Philippe-Aubert-de-Gaspé",",http://www.memoirevivante.org/",",http://commons.wikimedia.org/wiki/Special:FilePath/Site%20Philippe-Aubert-de-Gasp%C3%A9%2003.JPG",
http://www.wikidata.org/entity/Q18414858,musée du Haut-Richelieu,Point(-73.25419 45.30531),musée,Saint-Jean-sur-Richelieu,,,"Société des musées du Québec,Culture Montérégie,",,,,,,,",http://www.museeduhaut-richelieu.com",",http://commons.wikimedia.org/wiki/Special:FilePath/Mus%C3%A9e%20du%20Haut-Richelieu.jpg",
http://www.wikidata.org/entity/Q3329585,musée d'art contemporain des Laurentides,Point(-74.0033 45.7786),musée,Saint-Jérôme,,,"Société des musées du Québec,",,,,,,,",http://www.museelaurentides.ca/",",http://commons.wikimedia.org/wiki/Special:FilePath/Maison%20de%20la%20Culture%20Claude-Henri-Grignon.jpg",
http://www.wikidata.org/entity/Q139886933,galerie d'art La Vieille École,Point(-65.661951347 49.246011976),galerie d'art,Saint-Maxime-du-Mont-Louis,,,,,,,,,"L'Anse-Pleureuse,",,,
http://www.wikidata.org/entity/Q14392623,musée du fromage cheddar,Point(-72.337934444 48.592405555),musée,Saint-Prime,,,,,,,,,,",http://www.museecheddar.org/",",http://commons.wikimedia.org/wiki/Special:FilePath/Ancienne%20Fromagerie%20Perron%2001.JPG",
http://www.wikidata.org/entity/Q106575516,musée du ski des Laurentides,Point(-74.158936 45.895747),musée,Saint-Sauveur,",1982-01-01T00:00:00Z",,,,,,,,,",https://museeduski.com/",",http://commons.wikimedia.org/wiki/Special:FilePath/Mus%C3%A9e%20du%20ski%20des%20Laurentides%202019.jpg",
http://www.wikidata.org/entity/Q111263144,église Saint-Venant-de-Paquette,Point(-71.46429 45.12611),musée,Saint-Venant-de-Paquette,",1875-01-01T00:00:00Z",,,,,,,,,,",http://commons.wikimedia.org/wiki/Special:FilePath/%C3%89glise%20de%20Saint-Venant-de-Paquette%20-%201.jpg",
http://www.wikidata.org/entity/Q110622647,Musée Zénon Alary,Point(-74.122216244 45.941766938),musée,Sainte-Adèle,,,,,,,,,,,,
http://www.wikidata.org/entity/Q127512489,Musée de sainte Anne,,musée,Sainte-Anne-de-Beaupré,,,,,,,,,,,,
http://www.wikidata.org/entity/Q17454,Exploramer,Point(-66.487198 49.130973),musée,Sainte-Anne-des-Monts,,,"Société des musées du Québec,",,,,,,,",https://www.exploramer.qc.ca/",",http://commons.wikimedia.org/wiki/Special:FilePath/Mus%C3%A9e%20Exploramer%20de%20Sainte-Anne-des-Monts.JPG",
http://www.wikidata.org/entity/Q139891020,Maison de la Culture,Point(-66.490985263 49.123503),centre culturel,Sainte-Anne-des-Monts,,,,,,,,,,,,
http://www.wikidata.org/entity/Q128135555,REFRAIN,,organisation avec des membres,Sainte-Thérèse,",2020-01-01T00:00:00Z",",organisation à but non lucratif",",CAPACOA",,,"festival artistique,",,,,",https://lerefrain.com/en,https://lerefrain.com/fr",,
http://www.wikidata.org/entity/Q104708970,Musée de société des Deux-Rives,Point(-74.131005 45.261489),musée,Salaberry-de-Valleyfield,,,"Société des musées du Québec,Culture Montérégie,",,,,,,,",https://lemuso.com",,
http://www.wikidata.org/entity/Q105339684,Musée régional de la Côte-Nord,Point(-66.37577163 50.214390849),musée,Sept-Îles,",1975-01-01T00:00:00Z",,",Société des musées du Québec",,,,,,,",http://museeregionalcotenord.ca/",,
http://www.wikidata.org/entity/Q141498514,Panache art actuel,,centre d'artistes autogéré canadien,Sept-Îles,,,",Regroupement des centres d’artistes autogérés du Québec",,,,,,,",https://www.panacheartactuel.com",,
http://www.wikidata.org/entity/Q1094307,cité de l'énergie,Point(-72.757309582 46.536521045),musée,Shawinigan,,,"Société des musées du Québec,",,,,,,,",http://www.citedelenergie.com/",",http://commons.wikimedia.org/wiki/Special:FilePath/Tour%20de%20la%20cit%C3%A9.JPG",
http://www.wikidata.org/entity/Q134997609,Centre culturel de l'Université de Sherbrooke,Point(-71.927725 45.378832),centre culturel,Sherbrooke,,,,,,,,,,,,
http://www.wikidata.org/entity/Q3330221,Musée des beaux-arts de Sherbrooke,Point(-71.8945 45.4054),musée d'art,Sherbrooke,",1982-01-01T00:00:00Z",,",Société des musées du Québec",,,,,,,",http://mbas.qc.ca/wordpress/,http://www.mbas.qc.ca/en",",http://commons.wikimedia.org/wiki/Special:FilePath/Eastern%20Township%20Bank.jpg",
http://www.wikidata.org/entity/Q138003942,Sporobole,,organisme lié à l'art,Sherbrooke,",1973-01-01T00:00:00Z",,,,,,,,,",https://sporobole.org/",,
http://www.wikidata.org/entity/Q2904203,Biophare,Point(-73.106553 46.047449),musée,Sorel-Tracy,,,"Société des musées du Québec,Culture Montérégie,",,,,,,,",http://www.biophare.com/",",http://commons.wikimedia.org/wiki/Special:FilePath/Biophare%20Sorel-1.jpg",
http://www.wikidata.org/entity/Q3329279,musée Missisquoi,Point(-72.9154 45.1212),musée,Stanbridge East,",1964-07-19T00:00:00Z",,",Société des musées du Québec",,,,,,,",http://www.museemissisquoi.ca",",http://commons.wikimedia.org/wiki/Special:FilePath/StanbridgeEast-Musee.jpg",
http://www.wikidata.org/entity/Q16536945,centre d'interprétation des mammifères marins,Point(-69.7189 48.1392),musée,Tadoussac,,,",Société des musées du Québec",,,,,,,",http://gremm.org/education/",",http://commons.wikimedia.org/wiki/Special:FilePath/Centre%20d%27interpr%C3%A9tation%20des%20mammif%C3%A8res%20marins%20%28CIMM%29.jpg",
http://www.wikidata.org/entity/Q141498539,Rond-point centre d'artistes,,centre d'artistes autogéré canadien,Terrebonne,,,",Regroupement des centres d’artistes autogérés du Québec",,,,,,,",https://www.rondpoint.art",,
http://www.wikidata.org/entity/Q3330649,musée minéralogique et minier de Thetford Mines,Point(-71.3251 46.0959),musée,Thetford Mines,,,,,,,,,,",http://www.museemineralogique.com",",http://commons.wikimedia.org/wiki/Special:FilePath/Mus%C3%A9e%20min%C3%A9ralogique%20et%20minier%20de%20Thetford%20Mines%20en%202010.JPG",
http://www.wikidata.org/entity/Q104764050,Q104764050,Point(-72.543337863 46.349148571),"musée,salle d'expositions",Trois-Rivières,",1895-01-01T00:00:00Z",,"Société des musées du Québec,",,,,,,,",http://www.museepierreboucher.com/",,
http://www.wikidata.org/entity/Q99589521,Atelier Presse Papier,Point(-72.54071 46.340887),"centre d'artistes autogéré,centre d'artistes autogéré canadien",Trois-Rivières,",1979-01-01T00:00:00Z",,"Regroupement des centres d’artistes autogérés du Québec,",,,,,,,",https://www.pressepapier.net/",,
http://www.wikidata.org/entity/Q99588440,Atelier Silex,Point(-72.548638 46.348407),"atelier d'artiste,centre d'artistes autogéré,centre d'artistes autogéré canadien",Trois-Rivières,",1983-01-01T00:00:00Z",,"Regroupement des centres d’artistes autogérés du Québec,",,,",art,art public",,,,",https://www.ateliersilex.org/",,
http://www.wikidata.org/entity/Q2911408,"Boréalis, centre d'histoire de l'industrie papetière",Point(-72.5325 46.348888888),musée,Trois-Rivières,,,,,,,,,,",http://www.borealis3r.ca/",",http://commons.wikimedia.org/wiki/Special:FilePath/Bor%C3%A9alis%202.JPG",
http://www.wikidata.org/entity/Q138789562,Galerie l’embuscade,,galerie d'art,Trois-Rivières,,,,,,,,,,,,
http://www.wikidata.org/entity/Q124295353,Maison de la culture de Trois-Rivières,Point(-72.54263 46.34282),centre culturel,Trois-Rivières,,,,,,,,,,,,
http://www.wikidata.org/entity/Q118696129,Musée des Filles de Jésus,,musée,Trois-Rivières,,,,,,,,,,,,
http://www.wikidata.org/entity/Q15798262,Vieille prison de Trois-Rivières,Point(-72.539305555 46.345),musée,Trois-Rivières,",1822-01-01T00:00:00Z",,,,,,,,,",https://museepop.ca/vieille-prison/historique",",http://commons.wikimedia.org/wiki/Special:FilePath/Ancienne%20prison%20de%20Trois-Rivi%C3%A8res.JPG",
http://www.wikidata.org/entity/Q3094629,galerie d'art du Parc,Point(-72.5382 46.343),galerie d'art,Trois-Rivières,,,",Regroupement des centres d’artistes autogérés du Québec,Société des musées du Québec",,,,,,"manoir de Tonnancour,",",https://www.galeriedartduparc.qc.ca/",",http://commons.wikimedia.org/wiki/Special:FilePath/Manoir%20tonnancour%202005.jpg",
http://www.wikidata.org/entity/Q3330154,musée des Ursulines de Trois-Rivières,Point(-72.5358 46.3443),musée,Trois-Rivières,",1982-05-14T00:00:00Z",,"Société des musées du Québec,",,,,,,",maison Blanche",",https://www.musee-ursulines.qc.ca/",",http://commons.wikimedia.org/wiki/Special:FilePath/Couvent%20des%20Ursulines%20-%20Trois-Rivi%C3%A8res%2002.JPG",
http://www.wikidata.org/entity/Q109615803,Musée de la gare,Point(-79.09372 46.72113),centre culturel,Témiscaming,,,,,,,,,,,,
http://www.wikidata.org/entity/Q5519005,Gallery X,Point(-73.578 45.497),musée,Université Concordia,,,,,,,,,,",http://www.gallery-x.com/",,
http://www.wikidata.org/entity/Q106806259,Atelier de l'île,Point(-74.205114238 46.030137112),centre d'artistes autogéré canadien,Val-David,",1974-01-01T00:00:00Z",,",Regroupement des centres d’artistes autogérés du Québec",,,",arts visuels,estampe",,,,",https://www.atelier.qc.ca/",",http://commons.wikimedia.org/wiki/Special:FilePath/Atelier%20de%20l%27%C3%AEle%20int%C3%A9rieur%20grande%20presse.jpg",
http://www.wikidata.org/entity/Q107065206,centre d'exposition de Val-David,,centre culturel,Val-David,,,,,,,,,,",https://www.culture.val-david.qc.ca/",,
http://www.wikidata.org/entity/Q2974754,Cité de l'Or,Point(-77.765 48.094),musée,Val-d'Or,",1995-01-01T00:00:00Z",,",Société des musées du Québec",,,,,,"ancienne mine Lamaque,",",http://www.citedelor.com/",",http://commons.wikimedia.org/wiki/Special:FilePath/Cit%C3%A9%20de%20l%27Or%2C%20Val%20d%27Or.jpg,http://commons.wikimedia.org/wiki/Special:FilePath/Bourlamaque.jpg",
http://www.wikidata.org/entity/Q3329209,musée J.-Armand-Bombardier,Point(-72.3076 45.4952),musée,Valcourt,,,,,,,,,,",http://www.museebombardier.com/fr/content/jab/jab.htm",",http://commons.wikimedia.org/wiki/Special:FilePath/Bombardier%201931%20snow%20vehicle.JPG",
http://www.wikidata.org/entity/Q118097509,Centre culturel Venise-en-Québec,,centre culturel,Venise-en-Québec,,,,,,,,,,,,
http://www.wikidata.org/entity/Q141479984,Atoll Art Actuel,,"centre d'artistes autogéré,centre d'artistes autogéré canadien",Victoriaville,,,"Regroupement des centres d’artistes autogérés du Québec,",,,,,,,",https://www.atollartactuel.com",,
http://www.wikidata.org/entity/Q124042969,Maison recyclée des artisans du rebut global,Point(-71.90162 46.03857),musée,Victoriaville,,,,,,,,,,,",http://commons.wikimedia.org/wiki/Special:FilePath/2019-08%20Victoriaville%20-%20Mont%20Arthabaska%20-%20Maison%20recycl%C3%A9e%20des%20artisans%20du%20rebut%20global.jpg",
http://www.wikidata.org/entity/Q3329240,musée Laurier,Point(-71.915409 46.037392),musée,Victoriaville,,,"Société des musées du Québec,",,,,,,,",http://www.museelaurier.com/le-musee-laurier/",",http://commons.wikimedia.org/wiki/Special:FilePath/Mus%C3%A9e%20Laurier%201.jpg",
http://www.wikidata.org/entity/Q124864475,Aire Banque Nationale,,galerie d'art,Village gai,,,,,,,,,",place du Village",,,
http://www.wikidata.org/entity/Q124615636,Galerie Blanc,Point(-73.55664 45.51763),galerie d'art,Village gai,,,,,,,,,",place du Village",",https://galerieblanc.com/",,
http://www.wikidata.org/entity/Q106477675,Le Rift,Point(-79.438611111 47.331388888),centre culturel,Ville-Marie,",1982-01-01T00:00:00Z",,",Société des musées du Québec",,,,,,,",https://lerift.ca/",",http://commons.wikimedia.org/wiki/Special:FilePath/Le%20Rift.jpg",
http://www.wikidata.org/entity/Q168737,château Ramezay,Point(-73.553333333 45.509027777),musée,Ville-Marie,",1705-01-01T00:00:00Z",,"Société des musées du Québec,",,,,,,,",https://www.chateauramezay.qc.ca/en/,https://www.chateauramezay.qc.ca/fr/",",http://commons.wikimedia.org/wiki/Special:FilePath/Mus%C3%A9e%20du%20Ch%C3%A2teau%20Ramezay.jpg",
http://www.wikidata.org/entity/Q2378866,Hôtel-musée Premières Nations,Point(-71.3575 46.8578),musée,Wendake,,,,,,,,,,",https://www.hotelpremieresnations.ca/",",http://commons.wikimedia.org/wiki/Special:FilePath/Hotel%20Suite.JPG",
http://www.wikidata.org/entity/Q2378866,Hôtel-musée Premières Nations,Point(-71.3585 46.85715),musée,Wendake,,,,,,,,,,",https://www.hotelpremieresnations.ca/",",http://commons.wikimedia.org/wiki/Special:FilePath/Hotel%20Suite.JPG",
http://www.wikidata.org/entity/Q126326793,musée Huron-Wendat,Point(-71.35799 46.85701),musée,Wendake,,,,,,,,,,,",http://commons.wikimedia.org/wiki/Special:FilePath/H%C3%B4tel-mus%C3%A9e%20des%20Premi%C3%A8res%20nations%2C%20Wendake%201.jpg",
